promedio_calificaciones,redes_contactos,puntaje_examen,recomendaciones,publicaciones_top,beca_obtenida
8.631525744682286,1,82.62025243901556,0,1,0
8.25132080327361,5,98.9190489824106,1,0,1
8.433997379720514,5,94.74388521016309,0,0,1
8.053400934081271,0,79.18877005678414,0,0,0
7.461402918845014,5,68.47354897837154,1,1,1
7.937850591187916,4,69.97680647153764,0,0,1
9.438318657899433,1,96.20033853956932,1,1,1
7.557977069368052,6,77.83533463959864,1,1,0
7.123890456133137,2,99.3613745000532,0,0,0
8.521491248326425,3,95.83215103943496,1,0,0
9.246129891033185,0,78.4276215871453,1,1,0
8.230391294711527,2,63.10070934333097,1,0,0
7.07650399024,4,83.90278267906106,1,0,1
7.062401654322515,2,78.08901648422058,0,1,0
8.30431649739893,2,60.3514243816334,1,0,1
7.467803309321971,3,71.63671310951432,1,0,1
8.344811709291456,2,74.72436035744032,0,0,0
7.725507948576243,2,92.06261754445771,0,0,0
9.408779492935798,1,99.05175828757436,0,0,0
9.493041307571815,0,64.9179210841007,0,0,1
7.806430810735372,2,75.10789294588113,1,1,1
8.699465255329335,2,69.55457558997969,0,0,0
8.750195057577283,4,99.89540023536284,1,1,1
8.7436067923945,2,75.88979047911393,1,1,1
9.38511323046297,3,66.14040985797476,0,1,0
7.229131435926693,2,76.99693383716351,0,1,0
8.92916595487673,3,64.07300101824481,0,0,1
7.51570101533215,2,85.84195540463529,1,0,0
8.539515105884465,3,96.1711257155782,0,0,0
7.166804043878196,7,91.02489644134802,1,0,1
7.142841403437412,3,74.2879206047534,1,0,1
7.351429194224268,7,75.16908304294523,1,0,1
8.449381947310293,0,63.35832169715678,1,0,0
7.277780923813175,3,67.6886251729606,0,1,1
7.616867758255533,3,90.61958570785436,1,1,1
7.2180985821216845,2,95.66260584196405,1,0,0
9.49297497773701,4,94.57832980994995,0,1,0
8.661741855682017,2,79.10982926197153,1,0,1
8.16268149445125,5,84.53431284744951,1,0,1
9.35235898370982,2,96.42651077388217,1,0,1
8.918991604157906,4,63.42533963154218,0,0,1
7.420685095375208,2,93.73823798477369,0,1,1
8.187218919434898,1,84.41613649566789,0,1,1
8.070108810568755,2,96.79534550086747,1,0,1
8.129242452184256,2,80.53140482702008,1,0,1
8.266942388692453,2,70.10969268947424,0,1,1
7.109620035549311,6,90.50780962470314,1,1,0
8.096835471012989,2,70.97514476412397,1,0,0
8.835181680134717,3,94.2160164242685,1,1,1
7.694030043562917,4,83.20926757724027,1,1,1
7.153385642062539,4,76.21704757173276,0,0,1
8.916942232797444,0,80.41399884949288,0,1,1
9.477043383720648,1,90.72516531012252,1,1,1
7.427950834450713,1,67.32006084315442,0,0,0
9.681000559102243,4,79.51374344013689,1,0,1
9.904678051291429,6,79.28339450294021,1,0,1
8.428394462579554,5,69.98565694741566,1,0,0
7.289275734402288,5,66.7972368299011,1,0,1
9.48863772896367,4,73.206230730689,1,1,1
9.202268055899575,2,98.48261648186468,0,0,0
7.799097576049061,4,90.73137869007385,1,1,1
8.343400027926041,4,64.25901191588363,1,0,1
7.932018706053673,3,83.32719614341863,1,0,0
8.708809438526012,5,76.67389216383171,1,1,1
9.093832029345515,6,90.67950017196515,1,0,1
7.445895199917719,5,69.35402750206978,1,1,1
9.458915757788997,2,98.32541421711804,0,0,0
8.580198843076264,1,99.38607233591199,1,0,1
9.601889178105592,4,62.67432445687927,1,0,1
7.3487166767023915,4,64.7744207865292,1,0,1
9.395326051081037,0,70.4041799685249,0,0,0
7.93113915657401,3,77.79957731564124,1,1,0
9.673457318948772,2,72.24834678698126,0,1,0
7.608454702853959,2,77.7163415605196,0,1,0
8.044257935886066,1,93.73598886261973,1,0,1
7.303999235793063,1,66.77700478913559,1,1,1
8.371041154262596,3,84.91046143944362,1,0,1
8.857241167235443,2,78.65452131806983,1,0,1
7.441146289823101,4,99.57465224977022,1,0,1
8.268099683162841,6,84.72589545156566,0,0,1
7.091507087678218,4,65.54793742173881,0,0,1
9.304421003734156,2,87.86265726116333,0,1,0
9.11086245620573,0,83.68762919840847,0,0,0
8.582435198002687,5,89.93639600588267,1,0,1
9.866346791589427,3,83.74909224439043,1,1,1
8.788181298471155,4,71.2201332181537,1,0,0
8.423779061933743,2,87.37262145410547,1,1,1
7.369135297270024,3,83.76666687060393,1,0,1
7.707991406412898,5,85.18355123047209,1,0,1
9.15562611282429,2,94.41850638101155,1,0,1
9.27517234241067,2,94.14682402219299,0,0,0
9.99265477086247,6,76.79670752655075,1,1,1
9.668873392023748,3,61.6235210447811,1,1,1
8.040069328838548,2,84.71803530291666,1,1,1
9.957982876341834,2,85.65994012858286,0,0,1
7.361387180248643,4,73.50920565765354,1,1,1
8.679410490261088,4,73.81908784531423,1,0,0
9.072043165296224,1,87.49140653690793,1,0,1
8.467715497192358,3,60.563794019850334,1,1,0
9.574611387129847,3,89.59191967710026,0,0,0
9.728907434338632,2,84.49185689510325,1,1,1
8.23078923217428,2,60.90728694600004,1,0,1
9.818075136733977,3,63.48763486474931,1,1,1
9.899856648903954,2,67.75861915117804,1,0,1
9.606193769918029,7,60.439374375558536,1,0,1
7.173684413937675,4,71.2475962469993,1,0,1
8.335165972499276,0,86.40201869974541,0,0,0
9.787019434109306,4,94.28628658947397,0,0,0
9.777758614636166,6,73.83041917015719,0,1,1
8.055662697908197,5,72.9870133417175,1,0,1
7.320152966102302,3,80.93255382744209,1,0,1
9.464324755817865,4,98.12988350929328,0,0,1
7.11662695567431,0,96.02201669418743,1,0,1
7.428008223110323,4,96.56368044078218,1,0,1
7.179200514240778,5,78.36236736862602,0,0,1
7.213126736292769,2,83.1770573862245,0,1,1
8.967976736738082,4,90.11932054009273,1,0,1
8.786251642998621,5,88.62105886466509,1,0,0
9.626634637875934,5,61.088884910249206,1,1,1
8.486177262838625,1,97.54068390939153,0,1,1
7.680773593870437,5,76.01459961402927,0,1,1
9.434948005517386,4,86.38686619705739,1,0,0
8.992750962424104,3,87.13484386038701,1,0,0
9.43191091918721,5,76.96763915945306,1,0,1
7.0343752331165,4,76.61247319389797,1,1,0
7.181609875084959,3,92.1474512974786,1,0,1
8.076917481898688,1,93.74640724298467,1,1,1
7.87793250604743,3,61.45988749135156,1,0,1
7.276155705023596,0,79.5140309103981,1,0,1
7.372108622061887,1,93.76501451159874,1,0,1
8.59031317158121,3,61.24211390325963,1,1,0
7.704285987524706,2,81.4378233503189,1,1,1
9.313643819220289,5,63.8946762131029,1,1,1
9.246460272497103,3,93.30348216395694,0,0,0
8.69536767522604,2,84.68399572710764,1,0,0
7.879346019353818,5,68.9277217553819,0,0,1
8.759047442836863,2,65.52647169660237,1,0,0
9.396268593389312,0,68.29785372622703,1,0,0
7.803717694703931,2,94.62506283150421,0,1,1
8.468742721429697,4,95.90677106418214,1,0,0
9.373007814796289,3,72.99939321202159,1,0,0
9.633863530828151,3,66.1943903822282,1,0,0
8.565887651059665,5,83.77983299132774,1,0,1
9.767218668595513,2,96.66485726030112,0,1,1
8.226656979798701,2,95.38342166810465,1,0,0
8.027005765348225,3,94.79126563292479,1,0,0
8.233976926177759,3,66.76068365408773,0,0,1
8.834768989890854,3,80.0629009020778,0,0,1
9.942495497652658,2,96.12378906083075,0,1,1
8.315114575931405,0,80.86423426057371,1,0,1
7.8603804725068,3,84.21588453068549,0,0,0
7.5319284959427515,2,73.55914984275854,0,0,0
7.982025378203172,5,67.52284241944437,1,1,1
9.958881333379134,5,70.15251228185586,1,0,1
9.678966089814962,3,95.00641864228233,0,1,0
9.40505062064792,2,66.79534403977502,1,1,0
7.148877911715527,1,74.74501640916051,1,1,0
8.8328559369514,9,67.69881940595147,0,1,1
7.204352460041936,3,75.80815231580577,1,0,1
7.691856654173112,2,68.81494172275195,1,0,0
8.42121236588249,5,71.70349312956245,1,0,0
8.57985049137326,4,87.04551314896804,0,0,0
7.041929079257775,3,91.30249194499736,1,0,0
7.961671578170421,4,70.65453290434058,1,0,0
7.050071126285176,3,75.35494231206926,0,1,0
9.1563593174001,3,83.0914431183969,1,1,1
7.145297856758235,4,94.9837923251135,0,1,1
8.197205928622523,3,90.25195001831031,1,1,1
8.322552003781198,1,93.66081023108657,0,1,0
7.799566125515384,0,81.03904123123183,1,0,1
9.712704004274286,2,79.01834273816402,1,0,0
7.79529943319646,2,80.43312797800098,1,0,0
7.332817280865399,1,94.83163024437718,0,0,0
9.64398510941609,4,61.18197865964467,1,0,0
7.131076964289116,3,68.99129494575462,0,0,0
7.10497476799012,1,67.44902208782932,1,0,1
8.40705727814876,4,73.71414640855681,0,0,0
9.297964058714204,3,76.48242242100643,1,0,1
8.58122777146667,2,93.35596463688191,1,0,1
9.144102846561552,3,95.26230524698695,0,0,1
9.023295356471834,5,79.59565402950008,1,1,1
7.674234224047173,4,97.64080249915679,0,1,0
8.095659268592511,2,75.70875947531488,1,0,0
8.687388930225794,2,73.29406180801323,1,0,1
7.542847699555627,2,72.40618122620334,1,0,1
7.256406253838126,2,71.19535986259626,0,1,1
8.76631259560678,1,91.91680596433079,0,0,1
9.703501884868295,2,80.4420039398174,1,0,1
8.460643330105272,2,65.44964423955437,0,1,0
7.275457968690693,1,86.48268289180427,1,0,0
9.68357258117609,1,81.19435167514715,1,0,0
8.849595014912572,3,95.20670958159235,0,1,1
8.706707557409832,2,91.283810972736,0,0,0
7.824761291885363,2,63.26018565038002,1,0,1
9.679071288520511,1,99.15459041345828,1,1,0
7.56532924433424,3,90.25739830246081,1,0,0
8.707866232505637,1,73.49229392531205,0,0,0
7.022641023645554,4,81.4905918085441,0,0,0
9.393693785123437,1,77.71760174045698,1,0,0
8.991720276094277,0,98.67337449404096,0,0,0
7.671615394899348,3,75.82915625064902,1,1,0
7.604024384807367,1,96.3167332103342,1,0,1
9.146748307711752,3,67.08926273794279,0,0,1
9.216931311649168,3,72.02379541930353,1,0,1
7.7938459112529275,4,65.00858383575809,0,0,1
8.255238840772934,2,85.42696848734958,0,1,1
9.686613722416373,8,88.40647772428132,1,0,1
7.413046801818055,6,81.23045566820286,0,0,1
7.048408566169207,2,72.1651959114618,0,1,1
8.518454757802989,3,80.78980651892286,1,1,0
9.472625950318509,4,76.63806025168367,0,0,1
9.622161146380241,2,70.56251285001237,1,1,1
9.074370884009596,6,87.72659344719338,1,0,1
7.0647437301609095,2,86.88784116136583,0,0,1
7.001073999088685,2,89.91641039924784,1,1,0
7.327697354931726,2,77.73932178068044,1,1,1
9.706249257685531,2,76.82558300553688,1,1,0
7.5259951519181065,1,76.42417878445873,1,1,1
9.022858458811854,1,92.7067924129995,0,1,1
8.47576381209619,4,79.25202923841368,0,0,1
9.327107234249757,5,79.78736038626596,1,0,1
9.438600154894452,0,89.87005281586258,1,0,0
8.804476581233502,4,99.5234741731729,0,0,0
8.875708960695787,5,70.74234824662713,1,0,0
9.076091000029512,1,91.08263849220194,0,0,1
8.847734741326978,2,69.55883319987156,1,0,1
8.577855909003663,4,84.20167623613958,1,0,1
9.730013308020464,4,74.9694560558668,1,0,1
8.838153302522203,3,66.56185714282196,1,1,1
7.405432682675641,5,76.69164706634263,0,0,0
8.192325589390952,4,88.61571506414472,0,1,1
8.21096550812298,3,73.93637671502043,1,0,0
7.88763160463074,2,68.9834598380824,1,0,0
9.689158991156756,5,96.51597236540226,1,0,1
8.659116222854186,7,61.9272027776032,1,1,1
7.12920670044372,10,70.94783413023681,0,0,1
7.189978507468774,3,74.08261866369077,0,1,0
7.010505755080025,3,72.416967009187,0,0,0
9.025876548783703,2,89.17276617912091,0,1,0
7.257484233929268,5,74.1223148338688,1,0,1
9.332172961674207,4,86.99191055918833,0,1,1
9.053396731076877,4,62.43895713770555,1,0,0
7.549223570063881,7,77.74040992691539,1,1,1
8.989603594491655,3,82.83521109745134,1,1,0
9.646677807219234,3,79.48618155772351,1,1,0
9.422074967946811,3,86.97503940210444,0,0,0
7.738354497418129,5,72.70572259968131,1,0,1
9.864977457706448,2,87.68935724065007,1,0,1
9.627628056400587,5,66.56931322426321,1,0,1
7.1623434338502845,3,99.25235261242852,1,0,1
8.622308257229069,1,74.61730708688611,1,1,0
9.653110245615656,1,96.17228056091894,0,1,0
8.931386254578813,4,68.01495705647011,0,1,1
9.523877684063937,3,74.65136474412797,1,0,0
8.026026708869727,2,71.82219887193723,1,1,1
7.286179130532716,2,90.78903792061675,1,0,0
8.3887150993284,4,66.55019541727468,1,1,1
8.085802120797359,3,76.08653496023778,1,0,1
7.9185694105020925,6,85.793156735798,0,0,0
9.448925417883407,5,86.8808431942421,1,0,1
8.901223764484428,5,64.19033981510042,1,0,1
8.898858545412805,2,77.6130504370477,1,0,1
9.600495484836957,3,89.0212682535134,1,1,0
8.271476337714736,4,87.34266855143333,0,1,1
8.361219708645605,1,91.10531751940091,1,1,0
7.943341825913668,2,94.97186180177441,0,0,0
8.445977146384742,5,97.2902798946894,1,1,1
7.523722202969806,1,84.66752821254893,1,0,1
8.933241909916648,4,72.13058990770988,1,1,1
7.846312111950799,2,90.87022724821425,1,1,1
9.629887286425081,5,89.70476802286535,1,0,1
8.73604087238473,3,88.72257772124276,0,0,0
8.364089395104543,5,76.1179037355493,1,0,1
9.65622962823696,2,65.54165985837459,0,0,0
7.340683264875279,2,87.22341307066672,1,0,1
8.86400430579614,3,68.70809283397978,1,0,1
9.050532995522286,3,88.40750473816104,0,0,1
9.485507077172304,5,73.11232736096002,0,1,0
9.402666953992005,3,74.59990459074335,1,1,1
7.708197813444534,7,93.3894348526338,1,0,1
8.980630285508756,2,79.13546728307485,0,0,0
9.57467854653547,2,75.68789693639177,0,1,0
8.663963943310204,2,81.67421744046952,1,1,0
8.774174047472625,1,91.72484383034654,1,0,0
8.704225602782683,2,87.79001501509052,1,1,0
7.388542730461359,7,95.55522327620595,0,0,0
8.047934561619527,2,74.00858677688494,0,0,0
7.976869699791441,1,76.83536139993984,1,1,1
9.959578803488014,1,62.67543106204669,1,1,0
7.912882679055388,4,63.598303539949946,0,0,1
9.390935038979045,3,84.60416181670219,0,0,0
8.198526608564844,2,75.22723508360215,1,1,0
9.450027695377898,2,90.34370463891182,0,0,0
7.664115126193841,1,61.74721562901365,1,0,0
9.121390079364353,5,71.14579565784257,0,0,1
7.630498871401678,1,81.98657264549789,0,1,0
9.247923894794887,4,66.70449900736213,0,0,0
7.212244597043883,2,70.2008206572203,1,1,0
9.043204405067193,4,87.3485813155944,0,0,1
8.021428922037241,2,78.2031472584984,1,0,0
7.065629992533369,2,82.55546811472705,1,0,1
8.071767256831418,2,87.25644356863795,1,0,1
9.96129297731376,5,76.72982355643543,1,0,1
9.871238269875967,3,84.81154483638181,1,1,1
7.572387439536339,4,80.03704138597455,1,1,1
7.985577440642609,1,64.42314579403715,1,0,1
8.56254493502622,3,80.46321211685479,0,0,1
9.528882738157984,4,75.9781626025752,1,0,1
9.330612116832537,1,88.43251847484689,0,1,1
7.15483476595923,1,83.39759026845397,1,0,0
8.10514075731437,4,85.05700381792076,1,0,1
8.599412612064807,8,85.54836707593162,0,1,1
9.65532773179382,1,83.51040911389082,1,0,1
8.357354477710036,1,82.04293244888191,0,1,0
8.736207126945828,4,89.47561665636502,1,1,1
7.436283391677759,4,86.48047290450539,0,0,0
7.049262189417709,4,61.54852036211203,0,1,1
7.50392465736329,2,67.12188031559906,1,0,1
9.666128299414655,4,97.7394062597826,1,0,0
9.269553060931372,2,93.76328404631953,1,0,0
9.832172643808871,1,61.08428837312913,1,1,1
8.114492252590246,1,61.281749102903525,1,1,1
7.5182838085570065,7,85.6915861262788,1,1,1
8.221066972935082,3,87.27748791877558,1,0,1
9.946123351014135,2,72.78972383123948,1,0,0
7.118098377106658,4,76.84516235249508,0,1,1
9.339720497961626,1,99.7818523368264,0,0,1
7.328734692497182,6,85.95420210402362,1,0,0
8.236043625164816,1,63.94151710722427,0,0,0
9.88678792037556,4,65.73245136346002,0,1,1
8.75331473300042,3,79.25053195023511,1,1,0
8.494244598425562,6,71.96986027882716,0,0,1
9.14688249719705,2,73.64387405826481,0,0,0
7.761932281460356,3,73.62664130859744,1,0,0
8.051879633219897,4,84.52738863804852,0,1,0
8.634048355890776,0,89.27204938026567,1,0,0
7.387395400163856,2,68.1744244106304,0,1,0
8.622452595014238,3,77.1872900737997,0,0,0
8.142172206589077,6,96.44601249444028,1,0,0
8.316710017308983,1,74.40128083012735,1,0,0
8.801221090979237,4,66.17697779991819,0,0,1
9.801929335957588,2,73.80057038877334,0,0,0
8.177369678180842,1,67.20280252562158,1,1,1
7.605552313398825,6,78.86668877949734,1,0,1
7.59850295818755,1,98.76873070511155,0,0,1
8.131510703284848,4,63.819896490842076,1,0,1
7.991201056003611,3,86.67107937742405,0,0,1
7.348600837593482,3,95.80731736235673,1,0,0
7.523139768762646,3,82.97505246755179,1,1,0
8.329709054157998,4,60.8969480125818,0,1,1
7.813699702430176,4,80.75220183656782,0,0,0
8.380043015352731,3,98.81678125995504,1,0,1
7.445833038517403,3,93.24553376697155,0,1,1
8.131738294045617,4,65.61453723082184,1,0,1
8.82917811736192,2,87.35610748033054,1,0,0
7.549817888762377,3,83.46509230718404,0,0,0
8.687361547581585,2,93.99365952327508,1,0,1
8.559466150330062,4,97.90393897770122,0,1,1
9.581234270971544,2,79.83779874418323,0,1,0
7.41585777884648,3,86.75335574079135,1,0,0
9.036466796877708,5,74.10380069131119,0,1,1
7.262674717843416,5,82.11910787490773,1,1,1
9.346162842007196,4,93.72876397934641,0,0,1
8.400797021609392,1,90.66617895182546,1,1,0
9.703394902330768,3,82.58720104002688,1,0,1
8.123800348866078,2,71.78338928629704,1,0,0
9.48141002797723,3,74.80126277555152,1,1,1
7.909797519459365,4,88.22947211254132,0,1,1
9.166473164913928,2,92.06299221574164,1,0,0
8.040380853701288,2,78.02352449336554,1,0,0
7.008290794048275,5,80.88406948416034,1,1,1
9.321081008076273,2,83.73005503439856,1,1,1
7.945894557910024,3,67.55905841759065,0,1,1
8.79166790984454,5,88.42863773833874,0,1,1
7.002169764718841,6,83.02974872376495,1,1,1
7.5790430288549455,4,87.57635397493259,1,0,1
9.156730225305783,3,91.45978074064064,1,0,0
8.321752462827417,5,98.4030309015176,0,0,1
7.862537335878498,5,97.53172949773045,1,0,1
7.855106685325191,3,79.06141003734132,1,1,1
9.719015786042785,0,94.47947878186521,1,1,1
9.128912652870639,2,94.09340006125808,0,0,0
9.686376481197584,1,71.5853688269265,0,0,0
7.443429390763121,3,63.86708790943454,1,0,0
7.750730433399458,4,84.25253273451781,0,0,0
7.5325293169312495,4,79.00742411815871,1,0,0
8.528486687100425,3,80.7602119737499,0,0,0
8.029436468981274,3,66.94433538489542,1,0,0
9.55523904964599,2,67.46559219382438,0,0,1
9.313191557480325,6,73.62070701518044,1,0,1
7.744748752401816,3,98.4741629749667,0,0,1
8.195840141916227,1,62.746031260602734,1,1,1
9.464485516988479,1,67.36707780878085,1,0,1
9.0076310327685,4,71.33979661253906,1,1,1
7.93194693673402,3,87.62095504800772,1,0,1
8.464858693635662,6,82.38750571249238,0,1,1
8.415504835935005,6,81.12475628991027,1,1,1
8.17151332968048,5,90.25556319751276,0,0,1
7.676345476459475,7,72.11295795415077,1,0,1
9.656295735015249,4,79.72251501162734,0,0,1
8.98156926853732,2,76.55384724723004,1,1,1
8.212566114263506,3,74.1349604972481,0,1,1
9.599992809878785,3,73.89345991689828,1,0,0
9.454082990686226,5,62.23655559918254,1,0,0
8.937783131791637,2,69.52960333963551,1,1,1
7.474546521112737,2,84.04036139403517,1,0,0
8.362538249245015,4,72.37751131645426,0,1,1
9.072854064194,2,70.88015832278285,1,0,0
9.366142745313097,2,81.40088682605324,0,0,0
7.531995043895031,4,71.26135819966576,0,1,1
8.593306998033949,4,96.57191303474447,0,1,1
7.0414370463354325,6,78.92587385930423,1,1,1
9.519480776422611,1,77.30809200649713,1,1,0
8.501616914441792,2,69.66785489092005,1,0,1
7.574099812548405,8,93.35806403033024,1,1,1
8.606822003772848,0,90.39221423711331,1,1,1
9.004906922154687,1,68.81669032031732,1,0,0
8.162370454000062,3,87.37854849376937,1,0,1
8.796558809427099,1,89.8062260894616,0,0,0
7.723336236495747,5,74.77051109165058,1,0,0
9.997072261402396,1,75.83108140740333,1,0,0
9.752031872800925,4,83.47856610043898,1,1,1
8.425058044358847,2,99.73593355264174,0,0,0
9.22659749816652,2,61.210442458396116,0,0,1
7.3615193192122295,2,72.64994932409505,0,1,0
9.728306029454789,0,98.86307767664779,1,0,0
8.794675224229243,5,96.7575264354123,0,1,1
7.414929295229429,1,99.42788271663449,1,1,1
8.83301132003852,1,76.97563180430598,0,0,0
7.698148044520181,3,73.65360073297309,0,1,0
7.938580672771419,4,61.39011599362242,1,0,1
7.08187933860413,4,80.4423251881064,0,0,0
8.566351384383506,5,92.48745803500034,0,0,1
7.835150654249352,1,80.93444122704084,0,0,0
8.674452072542156,2,73.31900708896698,0,0,0
7.221640999553088,1,63.54262456690317,0,1,0
8.553056024175572,1,64.58395473292083,1,0,0
9.52904998574969,4,74.98588718941085,0,0,0
8.058948355231474,3,99.58505527209432,0,0,0
9.182412650470653,2,70.06162967086902,0,1,0
9.449623658800649,2,74.47036826813256,1,1,0
7.823822242596371,5,73.75922388570487,1,1,1
7.342405325933482,2,75.05942078245474,0,1,0
8.725712718403045,5,63.192292502986774,1,1,0
9.864604728406228,5,69.49893341098722,0,0,1
7.148717185878344,0,68.10302139131511,1,1,0
8.450242498500002,1,74.61947946025282,0,0,0
8.298621931547208,2,63.46233263043901,0,0,0
9.083140943281649,6,75.23660496698406,0,0,1
9.834030496300677,1,74.58370997148381,1,1,0
7.677536232178813,2,95.67767316296931,1,1,0
7.696130280334961,4,72.94670060029598,1,1,1
8.294820418140814,5,94.70536577733353,1,0,1
7.491786563176848,2,90.35032127842524,0,1,1
7.966472013095578,2,97.11591409369387,1,0,0
8.934606808821885,3,60.68924063515239,1,0,1
8.450858670631533,3,82.87153143442237,1,0,1
7.888918678125186,2,93.28572014374537,1,0,0
9.913127470245552,0,79.4275331027445,0,0,0
9.106598223356164,2,91.60545052421384,1,0,1
9.635373312050456,5,95.02199423013207,0,0,0
8.28391566602886,2,75.33144184015703,0,1,0
7.947108649177546,3,95.7823945823837,0,0,0
9.366651065762966,4,61.19523633270906,0,0,0
8.787220251568446,4,66.38708796174632,1,1,0
7.454650591280188,4,63.69220720715434,0,0,1
7.235922195153214,1,65.20597789885386,0,0,1
9.827659686503216,1,86.01285529854215,0,0,0
7.478755212279972,4,85.36600224215923,1,1,1
9.247943470060491,1,90.05337467551308,0,1,0
8.686780163268125,2,90.2432124501004,1,0,0
7.549217436199528,4,77.99077025826725,1,0,1
9.54552076427721,1,78.91726956398676,0,0,0
7.776991022328155,6,61.29751206535492,0,1,1
8.367149416324079,6,96.02990360105976,1,0,1
8.827695185299627,2,80.22988220098551,0,0,0
7.428536508291456,5,68.03048985470218,0,1,1
9.042916091460466,3,61.09671443069107,1,1,0
9.26092501892657,1,79.59244141879924,0,0,1
8.152803591480488,2,92.16514062640069,1,0,1
7.862128962779589,0,61.952237177571035,1,0,0
8.220652044095004,1,73.71158043427164,0,0,0
8.187950521765506,2,88.4411653616269,1,0,1
8.951636598312597,2,98.2799429048382,1,0,1
9.803693448046968,2,73.1793419532735,1,0,1
8.052415694254275,4,85.31464286223417,1,0,0
9.155352905727494,4,70.04881351233477,1,1,1
7.659903937061883,3,94.02531615988417,0,1,1
8.511410046693808,3,75.61879543312024,1,1,1
9.68671017280996,3,73.88365640434877,0,0,0
8.356901786163371,4,90.21160618676413,1,1,1
7.77235486488136,1,88.46155914348901,1,1,0
8.103123178284894,3,91.5857752255973,1,0,0
9.701241431642334,1,87.63404237703644,0,0,0
9.901801580023971,3,60.72868601673704,0,0,0
8.793470181299135,0,65.23607503600373,1,0,0
8.850685606248486,2,84.75935508615902,0,1,1
8.7474962270989,3,81.38006245794674,0,1,1
9.32425295685209,3,86.69394776896601,1,0,0
7.9851319444067625,3,72.25258899200097,1,1,0
7.07345810350019,4,97.07529423044437,0,1,1
8.479215201606632,3,89.95068889228065,1,1,0
9.953972574783684,3,80.77026350597083,1,1,1
8.474472701084157,7,66.0734071774508,0,0,1
9.288488201606983,3,84.97391646120367,0,1,0
8.816252898362437,3,74.94893100992635,0,1,1
8.791676963056469,0,83.99520499786328,1,0,0
9.184141723776573,1,78.56607613579283,1,1,0
7.221346558157158,3,64.43419469694143,1,0,0
7.424998921500269,3,75.01599512360619,1,1,1
8.275753461085966,4,83.73493322362644,1,0,1
8.01465817846283,3,89.64083424616531,1,1,0
8.757293928830144,3,95.71748353242876,1,1,1
7.8206198967898795,2,81.95955423904655,1,0,0
8.113023206458639,3,88.5095376378391,1,0,0
9.069735626406684,4,82.79658064505392,0,0,0
9.415365287229461,1,92.74038298509298,1,0,0
7.672932533289586,3,82.37027930911862,1,0,0
8.388182289290281,1,85.3505842481035,1,0,0
7.733938627959383,2,84.14960855672521,1,1,0
8.905403844218078,4,84.97837558973796,1,1,0
8.181563886097004,3,86.42574604111836,0,1,1
9.546460795556055,1,75.981227436138,0,0,1
9.965522335706975,2,74.70692119144965,1,1,1
8.531082804098276,4,95.49234032692883,0,0,0
9.149862843418722,3,61.73797058336687,1,1,0
7.8581472708567395,3,79.3373986606816,1,0,0
8.958009095888164,2,70.43739329912185,0,0,0
8.385185158242757,4,99.49092393740435,1,1,1
9.106978689038204,2,75.96447965507785,1,0,1
9.868225279074675,3,77.89818488581868,1,0,1
7.897870836216699,1,68.13304080665213,1,1,1
8.894757309335557,6,88.20958203396397,0,1,0
9.427109822098142,6,90.99982005377716,0,1,1
9.4399653032509,4,96.55232481096097,1,1,0
7.373877706766706,4,64.867591354012,0,0,1
8.986933232000457,1,69.11997515644404,0,0,1
8.472171393207029,3,88.19548361188811,0,1,1
8.85186355238917,1,89.86248232535694,0,0,0
7.696343455881421,2,81.86306582382294,1,0,0
8.4385900543698,1,69.36340003060513,0,0,0
9.959642668694112,0,98.12598630878912,1,1,0
9.232961719969795,2,77.17977691644425,0,0,0
9.11714341270503,6,73.8455066681045,0,0,1
7.443625192431586,3,97.09610878700668,1,0,0
7.78013286249901,2,72.95668063393556,1,1,1
7.668919075863302,3,92.25926287180815,0,0,1
9.792758755313358,1,73.42312313436507,1,0,0
8.535280414683868,5,68.81046203647139,0,1,1
8.901099249768686,1,79.32624788072671,1,0,0
9.419926825067286,3,88.6176074871255,0,1,0
9.57489919315679,3,83.17446611564708,0,0,1
7.945201408799133,2,87.8576209314784,1,0,1
9.97130338391198,2,68.96839724909563,1,0,1
9.20093817854896,4,84.51584598876201,1,1,0
9.77501524912766,1,86.3838207955677,1,1,0
9.362063946329515,3,84.2663520519011,0,1,1
7.380826375610577,1,86.2309610917944,0,0,0
8.42351084873633,6,64.01303281018401,0,0,1
7.135597087643095,6,85.17022925848585,1,1,1
7.109476405885218,5,76.63750782342306,0,0,0
7.953986270342818,6,60.66504237043132,1,1,1
9.665864416656682,5,82.86549916179486,0,1,0
8.055240199959247,3,90.24715112967621,0,1,0
8.092990801689227,6,83.83643870839775,0,1,1
7.644706090752864,0,60.2795765362874,1,1,1
7.886952066078647,2,97.80473802969962,1,0,0
7.344716300325219,4,67.26597728969976,0,0,0
8.699981784288276,1,81.60533000512393,0,0,0
7.67243753572968,0,87.49153417198242,0,1,0
8.750431484641195,2,94.23415117994888,0,0,1
9.119868648891579,4,76.0251074781857,0,0,1
8.349967820233662,3,82.92542387638517,1,0,1
8.46184350516992,2,61.23613138330724,1,0,0
9.029957157213975,4,94.49001591603738,1,1,1
7.875122847180385,3,88.73925192130321,0,1,1
9.588915025002091,1,84.80760017483333,0,0,1
7.894845091357632,4,73.44802659365305,1,0,1
9.126903479869561,5,99.04858294119452,1,1,1
8.056742779068777,0,76.80162086756056,0,0,0
8.894157364719302,5,72.88857942491319,1,0,1
8.0466882726592,4,99.1366802837689,0,0,0
7.201709303316903,3,73.02607567820087,1,1,1
7.896079914732467,5,75.1487623360836,0,0,1
9.971991996110615,6,87.26447221154382,1,0,1
9.00081146557605,2,81.99701848792176,1,0,0
7.009367080914254,7,77.03910920753026,0,0,1
7.655416648265563,2,91.06778226654657,1,1,1
9.070648745584762,2,79.77911375905833,1,1,0
9.951182467356748,1,69.49367792071878,0,1,1
8.567149990346017,3,60.487169742135976,1,1,1
9.161441599587354,3,91.59730347095199,1,0,0
8.315253045615982,2,89.39141546792327,0,1,1
8.322990135367357,2,77.9266144690004,0,0,0
9.811331700315293,4,72.20544486731049,1,0,0
7.073239350350699,4,92.19237839539419,0,0,0
9.983789267877146,4,95.17981896504611,1,0,1
9.804502912620881,7,60.02908219432093,0,0,1
9.068757692621464,0,73.2237719074376,1,1,0
8.26584572994315,3,93.2500685772037,0,1,1
7.788760017756995,6,92.66089373950598,1,1,1
9.589725617628847,2,72.82623132633665,1,1,1
7.066364993843309,4,75.22947029603766,1,1,0
8.898620903077006,0,69.37908938467065,0,1,0
7.325085529911173,6,99.851736146326,0,0,1
8.189573111525483,3,74.66022822221692,1,0,1
9.44201386815677,4,68.05419126645418,0,0,0
9.009468331127096,4,66.40082912373408,1,0,1
8.016268051765058,5,84.23933503420187,0,0,1
9.516666507963865,4,71.38234240138976,1,0,1
9.92754693990276,5,93.74528549129549,0,0,0
9.828019777159247,6,90.80131136471331,1,1,1
8.506258340570994,5,75.83506510855833,0,1,1
7.104624236661333,1,91.07766184184241,0,1,0
8.98187786364943,4,86.49600775960525,1,1,0
8.843060545446063,4,74.79826220410625,1,0,0
8.913003654139295,1,79.0504876459542,0,0,1
7.08198001902696,2,98.27705385393845,0,0,1
8.606403207362023,4,74.58660891085407,1,0,1
7.281797623624147,3,97.43969777161897,1,1,1
9.328451285136975,3,65.32300570728032,0,0,0
7.310080831372265,4,64.48922621414917,1,1,1
8.084393993424086,5,65.44980168965327,1,0,1
8.10454795262342,2,60.603267447134016,1,0,0
9.35515093621327,2,66.53054391129514,1,0,0
8.359087440022229,2,66.84541159550469,0,0,0
8.278452119208104,4,64.67390868173369,0,0,0
8.951946345206952,1,80.79384096246648,0,0,1
8.369129250312735,2,85.31062769615704,1,1,0
7.373164900602781,5,60.96186732060632,0,1,0
7.4819996651134,3,83.93457754018091,1,1,1
8.127801808388213,2,73.11823052392982,0,1,1
9.861391350155408,1,73.22026183968453,0,0,0
9.183253330629878,1,80.4880209918811,1,0,0
8.094330649684721,1,92.41234397138425,0,0,0
7.130467600357065,3,83.70070203659934,1,0,0
8.961342977845224,5,83.15698638678478,0,0,1
9.95276213872016,4,87.64941025465072,0,0,1
9.732498634825273,1,91.43397029448761,1,1,1
7.512393808178137,5,78.77738179871514,0,1,0
8.549643663017152,1,68.38370360063836,0,0,0
8.958377930930602,4,84.13392121567884,0,1,0
9.276551042680005,4,94.74298206988071,1,0,1
7.0381235181473025,2,99.99955766095059,1,0,1
9.826560175008325,4,70.31155846008949,0,1,1
8.40140825057315,2,60.80752864894763,1,0,1
9.332538879394175,1,85.14592659019294,0,0,0
8.418030941517078,3,91.60035264140606,0,1,0
9.053436832026387,2,90.38313935696438,1,1,0
9.492724145456869,3,72.8459073997002,1,0,1
8.507502953463886,3,88.26692130604718,0,0,1
8.457291710360348,4,62.8934289673946,1,1,1
8.10137178786548,1,92.18250735909453,0,0,0
9.587547215782873,3,90.23530562766985,1,1,1
7.84230862819964,3,87.53319841633486,1,0,0
7.925186805514216,4,91.28909723865507,1,0,1
7.633190993234532,1,83.5331346356412,1,0,0
7.391716791376471,3,80.01122208363957,1,0,0
8.103254595372203,4,82.81896371280057,1,1,0
9.864289845523246,5,97.84419248789253,0,0,0
8.720414332698663,2,85.88654791881454,0,1,1
9.214211177698633,3,67.79007701155344,0,0,1
7.373013656712853,3,92.29071811601293,1,1,1
7.210271560451098,4,68.73535552583922,1,1,0
8.357743312823285,4,63.68761947062951,0,1,0
7.251545783379669,5,84.73767787820263,1,0,0
8.4919831481309,5,76.01252903155678,0,1,1
7.201922658067702,4,85.51136449462604,0,0,1
8.255556750851065,5,62.66781543539926,1,0,1
7.773923788838616,3,84.3925548995682,1,0,1
7.4265355597908576,4,79.99659664469897,1,1,0
8.663294397864798,3,73.8180367240186,1,0,0
8.577396241323846,1,82.94653082750463,1,0,1
9.021521554377065,2,87.05516630583072,0,1,0
7.765797231049683,2,83.71951779673155,0,1,1
8.55742826727467,1,97.21680473257783,1,1,1
8.896111054176052,1,83.18090207997233,0,1,0
9.048259358265119,3,85.5728675157687,1,1,0
8.49401793587862,1,94.81495973096992,0,0,0
7.132427059443484,4,89.88520547372273,1,1,0
9.37689536075481,3,65.48949984600175,0,1,1
8.674730808055251,1,67.57461548538333,0,1,0
8.16922342839405,5,88.47539845908233,1,0,0
8.700255035550935,4,93.80627725621505,1,0,1
8.181773183400198,1,73.73373030318167,1,1,1
7.788361877020828,3,72.28503083361848,1,0,1
8.240256584026682,1,62.335245052594196,0,1,0
8.126016430421352,7,64.76056063826678,0,1,0
9.239575708276721,5,89.0970340109513,1,1,1
9.469177164844432,2,61.18810236648597,1,0,0
8.477962190623632,0,62.59495046571848,0,0,0
7.0228888188294585,2,83.44959803625322,1,1,0
7.893030164088301,1,68.6807515851263,0,1,1
7.616844116691929,1,85.85547849268877,1,1,0
8.391739149146435,4,81.59320485151638,0,0,1
8.899197001810421,2,88.84971139608774,0,1,0
8.424266633495469,1,77.39751196283687,1,0,0
7.040086228843946,2,80.82971120396279,1,0,1
8.255033678760785,3,89.48022975819575,1,1,0
8.524300109240905,3,80.41545873029278,0,1,0
8.795832715276449,4,80.145328480079,1,0,1
9.945035370597616,3,74.82228344432215,1,0,1
9.975788338923085,4,81.51003260478763,1,0,1
8.655592087349614,4,92.23065996853046,1,1,1
9.11721931656044,5,63.93042959814844,0,0,0
7.409528786422329,0,60.85720657216744,0,0,0
9.984315972120651,3,76.7848858478888,1,1,0
8.571504410731094,7,76.6563260679213,0,1,1
9.874011181628694,5,88.34847255857116,0,1,0
8.96052978827802,6,94.41534179312832,1,1,1
8.159261515040498,2,69.61681755498981,1,0,1
9.045107035443149,5,70.22274666529904,1,0,0
8.49408657427446,2,98.28785633719937,1,0,1
9.214696365906661,7,98.4010995150109,1,0,1
7.591896265745758,5,61.33990349160901,0,0,0
7.44254072293014,4,81.76270945696804,1,0,0
9.41933439079872,3,83.4066816707614,1,1,1
7.753879014457839,3,92.85443078875576,0,0,0
9.034474739424963,3,91.33876109188226,1,0,1
9.883689694331817,1,87.56843922778636,0,1,1
7.315577107084286,2,81.67628599811536,0,0,1
8.60352041659817,2,81.77533877643404,1,0,0
8.623225088277039,5,89.22012073247458,0,0,1
9.47774484009434,1,87.79369384045646,0,1,0
8.30779717987066,0,89.48671491317619,0,0,0
7.309016874813192,3,95.57133267296872,0,0,0
9.336880534421256,5,73.13416081346179,0,1,1
9.958426112663375,2,64.78526482196592,1,0,0
8.051093009316213,2,96.85602516921244,1,0,1
8.641175819194444,8,65.73868032486985,1,1,1
8.237897136390158,2,71.8810012160787,1,1,0
9.478494330593936,3,97.10827529222544,1,1,0
7.367620380839945,3,88.3957109836364,1,1,1
9.286182191545539,2,81.96937145456613,1,0,0
8.22184536106154,3,70.69243478968534,0,0,0
7.245241033613661,4,94.96004334766133,0,1,1
9.405970258255559,1,98.55752040109935,1,0,0
9.0967756870437,4,63.140171925284754,0,1,0
8.86340972531071,1,69.48937705069821,1,1,0
8.172218839990183,3,94.35704638491391,1,0,1
9.546678734936712,4,72.10806902645191,0,0,1
7.936102706707737,1,75.81660149574425,1,0,0
9.449233871226244,2,61.819908719306056,0,1,1
7.41689129510875,3,70.40321407970593,0,1,0
9.423427997794676,3,69.80394828563784,0,0,0
7.372922077656256,2,85.43935434795301,1,0,1
8.975337523850559,1,78.38513992317048,1,1,0
7.8375090119269215,4,67.05662836749825,1,0,1
9.081167017135993,3,94.66780502924759,0,0,1
7.798317559328311,3,74.11845947785231,1,0,1
8.621691850370322,2,73.43775564158031,1,0,1
8.006730264855515,2,73.80996200543069,0,1,1
8.058222978745555,5,88.48061265289498,1,0,0
8.69385502104021,4,64.63225159413602,1,1,1
8.273908765666306,1,90.08616249243238,0,1,1
9.613471218920468,6,94.76348337064637,0,0,1
9.599298501268311,4,82.66116120819756,0,0,0
9.64436053625956,5,64.33027326800405,1,1,1
7.978649924622038,1,79.4606856294942,1,1,1
9.001866122898516,0,71.70277968875943,1,0,0
9.905315572293087,2,60.346650725965205,1,0,1
8.397090704280682,3,82.30919228135912,1,0,1
9.01680789671813,6,76.87390921189424,1,1,1
7.427495006175547,3,81.51738631636897,1,0,1
9.142289706108247,0,70.94660657779514,1,1,0
9.337206185858028,4,84.58060652706004,1,1,0
8.140149944367113,5,90.7514972501601,1,1,1
8.62733746705419,2,77.10611743936414,0,0,0
7.145627529993005,3,91.61261669091394,0,0,0
8.399475170005434,1,61.52855563073601,0,0,0
7.487497483432957,1,80.5669054818801,0,0,0
9.210414164870736,3,70.2755676068728,0,0,0
9.316580548390965,3,98.93732575839067,1,1,1
7.403544747532672,5,65.14184573758862,1,0,1
8.559540605612037,2,85.9818031169563,0,1,0
8.690935054758924,3,99.58275986401846,1,0,0
8.996468611711684,3,95.88761406483331,0,1,1
9.683657422279266,7,85.7551282841811,1,0,1
8.422099444847884,1,64.17402343254355,1,0,1
8.343669551891317,1,93.73412779707058,1,0,0
9.087129173025245,4,69.17568382575006,1,1,1
8.76844102307687,1,77.83900566194883,1,1,1
9.346246487638979,4,96.16902285235814,0,0,1
8.275044325337191,0,81.62915191476314,1,1,1
8.837050060972375,4,69.7511022942322,1,0,1
9.399040610146471,2,83.5274198355258,0,0,1
8.922029253210692,3,86.85637048943104,1,0,0
9.942531055525219,3,89.2249641537769,1,0,1
8.709224447324882,2,70.667940053378,1,1,1
9.794950786199045,3,74.14625579036651,1,0,0
7.650864277288742,2,74.49974361799838,1,1,0
8.053041240858843,4,75.35128924083276,1,1,1
7.84117161198549,2,74.06205384576681,0,0,1
7.990894028708746,0,99.58413181661368,0,1,0
9.963527376864796,1,94.14968249361803,0,1,0
8.63770948013028,4,68.413866010073,0,0,0
7.789847083201007,4,93.48329575606331,1,1,0
7.33114286837954,3,79.98506598211333,0,0,0
8.57654552536457,2,65.10932488370945,1,0,0
7.109547650407487,5,94.20244114880711,1,0,0
7.196580726556272,3,61.44722959059129,1,0,0
9.930676448149995,3,87.26210012556807,0,1,0
7.942443733856429,2,76.13123054904027,1,0,1
8.12844440647044,3,98.98207614885189,1,1,0
8.984975378902275,2,97.57871873270383,0,0,0
9.823726195959946,2,78.40531016278752,0,1,0
8.456711171520686,4,70.06877547920541,1,0,0
7.222024167190131,2,83.10351710039436,0,1,1
9.098102114707599,2,74.62720851792271,0,1,0
7.86341289675227,2,67.46730521217727,0,0,1
7.578318273254923,5,66.66163377539918,0,0,1
9.253670079683973,3,96.01087619297117,1,1,1
7.868641253043366,1,98.49954029668824,1,1,0
9.237089805915947,3,90.89688498239366,1,0,1
8.684429983860232,3,70.12691731129306,0,0,1
8.633527807409875,2,74.21256198145494,0,1,1
7.540353481635585,3,70.30572033040701,0,1,0
7.846546192453343,0,98.39856105341971,0,1,0
8.471046310284246,4,76.3278848624518,1,1,0
7.215243270353517,0,91.69803247835878,0,0,1
9.23951474574828,4,98.97008316172858,1,0,1
8.215424310380437,2,69.57491409682521,0,1,0
7.259647421360961,3,91.30583405825881,1,1,1
8.683421106783449,5,67.73190183387467,1,0,0
9.073911348419909,3,93.3566981519102,0,1,1
7.991680057180666,2,60.0572917153052,1,1,1
9.215833518220537,5,93.48161915978557,0,1,1
8.457337219950599,1,68.7922044736303,1,1,1
7.598962196720032,4,71.39820389441546,1,0,0
9.290939338979285,1,89.82029920480682,1,0,1
9.828023381761557,1,99.61591726970516,1,0,1
7.317442062877599,2,76.86304684685521,0,1,0
8.34216762305991,3,90.07836970776052,1,0,0
7.3629122639510145,4,94.77350369237207,0,1,0
9.44957176472932,1,79.37006532901415,0,0,0
7.895769703016378,3,99.00358989009649,1,0,1
9.580821681328509,4,61.446886879143705,1,0,0
9.195487668549907,4,77.88085704907607,1,0,1
9.039553562641595,2,69.80802171965212,1,1,1
8.873754114141539,4,68.07585436288983,1,1,0
8.182271969597506,3,85.33063063572763,0,0,0
8.896561121328487,1,87.06490903644458,0,0,0
9.747851779429862,5,69.09165881382825,0,0,0
7.619118232905496,4,85.04078694907102,1,1,1
9.334356093405747,4,90.95787882433561,1,1,1
9.06990107382232,4,90.03863141007128,1,0,0
8.84352178055856,3,70.96331760505218,1,0,0
8.447063504752794,5,72.90471746481961,0,0,1
7.353762383763204,3,62.07945688761561,0,0,1
8.52777209589662,3,90.98576018323757,1,0,0
8.384594999255588,7,82.82590306597366,1,0,1
8.88275945930301,6,83.60014322551645,0,1,1
8.015633112239323,3,63.45791272809188,1,0,0
8.119714546265394,3,66.59749634061828,1,1,1
9.632382088720956,3,91.58551749392802,0,0,1
7.190027569651252,5,97.24460663760246,1,1,1
9.323202269989237,4,66.98214577704569,1,1,1
9.549044498465527,5,65.85188998982562,1,0,0
9.272930810090646,4,71.5100360404043,0,1,1
8.184048642106518,1,84.73074221798008,0,0,0
7.108787397817001,2,91.1250150060637,1,0,0
8.820106454909965,3,86.14507894770901,1,0,0
7.5825447632220815,2,60.100158641089195,0,0,0
9.95371886287339,8,97.22505763072101,0,0,1
9.53170020125706,1,65.2895010197845,0,0,1
9.320528070770676,2,99.26913632966165,0,0,1
9.487013766322153,0,98.70936686691019,1,0,1
9.589559825270292,2,85.12721415738532,0,0,0
9.082418886245877,2,85.3654254715428,0,0,1
8.085724597065088,3,64.72352041429092,0,1,1
7.189850446760273,3,77.48074226909227,1,1,1
7.352435536927893,1,90.74436671863157,1,0,1
8.938805948726197,3,81.3336048665919,0,1,1
9.606970168526058,5,91.63754894702345,1,0,1
7.288074013287911,2,71.68463643990492,0,0,0
9.853193056512827,6,81.32556044820232,1,0,1
9.889896424633694,8,69.84894776013346,0,0,1
8.945626788802938,4,89.60315717525867,1,1,1
8.941608861613009,4,74.54878725509215,0,1,1
7.325889205405648,3,95.79542599591889,1,0,1
7.665328576324018,4,95.3810205151992,1,0,1
7.357239002162576,2,69.2553242133274,1,0,0
9.134476526704555,4,81.71518946124894,0,0,1
9.32126404789571,2,69.1030109245722,0,1,0
7.140711167562836,2,61.05944481545632,1,1,0
9.909861568016545,2,61.59081980117715,1,0,1
9.12771964884159,4,79.7590844394999,1,1,1
7.43193150416702,3,73.80494911929308,1,1,0
7.509544393500729,4,81.54465539575557,0,0,0
7.130667892839897,0,91.9043351296245,0,0,0
7.0061719861258585,4,71.7480605281252,0,0,1
9.040362588446182,4,96.60420864217019,1,1,1
7.210673346243795,3,64.25577035673864,1,0,1
9.157887898251646,2,99.76106881605716,0,1,1
7.0232372073575675,2,63.56628163588447,0,1,0
9.138866482995217,2,68.68076297423636,0,0,0
9.882303988539444,0,94.31888576945121,1,0,0
7.663145024310556,2,67.31101804794855,0,0,1
9.632086276331815,3,68.57585461326691,0,0,1
9.283691972620925,5,67.18421632792993,0,0,0
9.751045185933751,1,69.30316222564275,1,0,1
9.891245956002575,3,63.877645334410275,0,0,0
8.654525732213184,3,69.41341700826338,1,0,1
7.235198415666333,4,63.23124776522575,1,0,0
7.149628016293631,1,62.51721152271071,1,1,1
9.077665349148678,1,74.27422582654974,1,0,1
7.380401230938208,4,67.05560103213779,1,1,1
7.718606007115636,3,99.20182836164732,1,0,0
7.479844609329799,3,93.82356538963079,1,0,1
9.379820208591767,5,77.6521726526102,1,1,1
9.358649853703024,2,70.48752068671652,1,1,0
8.367111544848846,4,75.12320407448144,1,0,1
7.731873758296452,4,62.22413363170378,1,0,1
8.952740797608492,4,69.50889270505382,1,0,0
8.500428678930657,4,69.38029825516138,1,1,0
8.85417873201069,4,79.27350882925631,1,0,1
7.612815616919085,1,86.38845158227207,1,0,0
7.212087581827603,3,68.22113909083228,0,1,1
7.940604411963114,0,66.6484202376749,1,0,0
7.15133162541098,2,83.3577171239672,1,0,0
9.84495412915359,1,69.63678098733313,1,0,0
7.738351189950192,2,78.58739788573672,0,1,0
8.83611568052347,2,93.32184435184682,1,0,0
8.274467048809246,0,70.88115606248849,1,1,0
8.82063339892483,6,70.95654505492563,0,0,0
8.113325998835641,8,84.95756313483288,1,0,1
9.388968135069312,2,79.23773978226036,1,1,0
8.987802563426925,2,66.98303334009914,1,0,1
9.457314459032212,3,76.41731510585538,1,1,1
7.879336179135287,7,74.10451382449271,1,0,1
7.266514950542149,0,90.55440013756348,1,0,1
9.401687835240052,5,61.11663627264971,0,0,1
7.818303542280991,3,99.1681740245316,1,0,1
9.46521387520802,5,90.35441850097331,1,0,0
8.0373752958163,3,80.40837503146373,1,0,1
9.506877297401376,4,84.4080551360927,0,0,0
9.213504818235823,4,63.43134869787122,0,0,1
9.119657434662486,3,89.35422531583146,0,1,0
7.398909072052385,2,74.104517865629,0,0,0
9.403784096227348,2,98.85778810998957,0,0,0
8.02052649853537,4,82.96572830658273,0,0,0
8.652588370781583,1,94.71446068075917,1,1,0
7.968806081175948,3,78.66523375335899,0,0,0
7.834831557590409,4,83.22497211098084,0,1,0
7.517810432538965,2,75.80906097489624,1,1,1
7.00555957222464,1,65.56201907495092,0,0,1
7.169645517164691,4,92.83767624735064,1,0,1
8.085158675000388,1,63.82461466234715,0,1,0
8.021703043174881,6,87.48652347775192,0,1,1
9.850371572596629,3,85.76362353748712,1,1,0
9.539382249153553,3,77.03677289176213,1,1,1
8.835969534868239,0,88.46646595877297,0,0,0
9.99922319870782,3,86.54343492191757,0,0,0
9.275235123199682,5,90.13131227764788,0,0,0
7.319571184251143,2,75.29137109431754,1,0,1
7.772747766740741,2,98.23542885814851,1,0,0
9.023222113529906,3,63.847801449914826,1,0,1
9.708259015589842,3,91.66687293487104,0,0,1
7.680269330971084,2,71.8603898088737,1,0,0
7.040518686887809,2,87.13957791866287,1,0,1
8.256999387962216,3,68.31972110184164,1,1,1
9.276526392928373,5,97.21271859901748,1,1,1
8.279093013255133,3,83.2309635336759,1,1,0
9.55247827363447,4,81.2515082727224,1,0,0
8.517295017928802,4,86.644483508337,0,0,0
7.677832388225343,4,66.96135891191948,0,0,1
9.41153171141281,2,84.31217305215614,0,1,0
7.166174240909049,4,94.28165032343988,0,0,0
8.573665647916032,3,98.35887875076573,1,0,1
7.788493842496279,1,60.82922224497636,1,0,0
7.530486471193923,3,97.6375580620623,1,1,1
9.67109684564471,4,71.20075401590253,0,1,1
8.407977084900072,5,89.99130228877625,0,1,0
9.66884545943456,1,99.27161626482864,1,0,0
9.064198177469342,4,65.24358567537139,1,0,1
9.459668473120537,1,84.58418818224706,0,1,1
8.438191755391069,2,73.41098375928493,1,1,0
7.578422519354411,3,71.27328664551035,0,0,0
9.065397013213982,3,97.38312109988726,0,0,0
7.114764961018811,1,93.3104747652024,0,0,0
8.253264913656562,6,86.69477238306254,1,0,0
7.6067684111873595,4,89.94242073022264,1,1,1
7.949527085107529,7,79.47854859171753,1,0,1
8.90193009393211,1,95.63398159126649,1,1,0
7.021206171307689,1,78.47794142127412,1,1,0
9.505335367102024,4,66.22218459135978,0,0,1
7.669844303810607,2,95.05766359753504,1,0,0
9.442842572544498,0,77.55601334428246,1,0,1
9.684515150088984,4,71.75856409705035,1,1,1
7.507600963929415,7,72.20253470779187,1,1,1
9.832599534567084,3,83.44819674380575,1,0,0
8.955260796338704,4,75.6493378975761,1,1,0
7.284643514603531,2,83.60820614408517,0,0,0
8.954827007056165,1,74.40578676640308,1,1,1
7.16387895748236,5,88.18637491204693,1,1,1
8.713726146454148,2,77.09093500395116,1,0,0
7.160762834053022,3,95.47429857428268,1,0,1
8.615374287195992,3,65.10590098993579,0,1,0
7.229253350839001,2,72.11557212131329,1,1,1
7.4718287473995195,4,77.45537417197728,1,1,1
