ID,Prestamos_por_a√±o,Visitantes,Tamano_coleccion,Programas_difusion,Presupuesto_adquisicion,Asistencia_eventos
1,97.939348323371,2.4261858923770174,5.924397523797719,19,637.225012851913,5.553144484165928
2,84.10745932285641,2.0987716647311605,4.448715275093834,29,442.78342744903534,5.317641399407313
3,82.75277382680552,2.3227180489063097,3.3657665825233183,32,440.95820913956493,5.753410070465423
4,83.7178916402746,1.9262641565218424,4.970081909260556,54,514.3345700984447,4.738975073068522
5,81.69812288826955,1.7229211594688514,5.292770778624697,24,604.322887861086,4.5538441904939635
6,72.06301616450563,1.764739577111095,3.2667797628653843,62,451.00966635567397,4.702534358099772
7,91.35792403776986,2.253110813518653,5.406991281382653,91,529.3450383515626,4.829133954083922
8,82.28222171914479,1.8849330619517686,3.891990084147454,84,572.2274029111264,5.3059300749901945
9,81.32718609197595,2.1297500636329545,4.607671439655434,12,419.6285573657493,4.882086074326786
10,82.44880914531339,1.762960634243362,5.418874100379404,25,525.5354293461296,4.619865927000624
11,86.571987971878,2.359528890561578,3.7644278655306507,86,414.1933746395991,5.498201756083661
12,80.41046542797365,1.9283693660585186,5.387664635303521,27,427.41939703831326,4.169693399781493
13,77.1768150401319,1.3257537520337057,5.937738444700827,66,479.5023130148858,3.597741974109593
14,91.64841253514386,2.228666025958901,5.443948675168672,71,539.62670024381,4.996865635673536
15,97.81509357559243,2.251405348343027,5.5821642208789335,88,541.4762905367409,5.527118836960011
16,84.86503827071674,2.1976017635109617,4.930957287218801,28,474.5776626957081,4.825660581360432
17,84.28118412595913,2.3120555174088286,4.757568330224865,94,375.2935646693285,4.370922111253796
18,96.50466422740907,2.1293414601553335,5.901660123737191,54,492.08153853684485,5.532972690375037
19,84.27665657448314,2.3573235946964326,3.786898152169411,3,553.7167751752477,5.64448669608201
20,86.20933695166342,2.3031510735094654,5.234229999275436,34,448.65659037383426,4.638755789058784
21,79.40052025188797,1.8333293109991247,5.269902891439919,98,468.1261769692197,3.713811696460864
22,85.93255772336357,2.4286633046191444,4.665164051310192,0,481.78336081171767,5.145475939112005
23,96.03575261218225,2.113237097841055,6.038984802319481,33,533.4778490971482,5.480456789444218
24,89.69886245381399,2.0597988050207814,4.288246957043731,2,569.6846236058987,6.362636633400164
25,78.11379666757678,1.7063858669606056,4.181638562210886,69,390.1052150656526,4.831341837952914
26,90.9773682860768,2.057076998269436,6.022846411537092,94,657.8811837922192,4.292149771665286
27,85.53380528800584,1.7461281173442669,6.605465508894424,6,378.96956967558697,4.255886818798108
28,91.15888182446687,2.2371266697678633,6.029185330581592,45,469.4347587353474,4.607081583260476
29,90.16901896695232,1.9067720973935798,5.8217377288253696,72,636.1630203088058,4.745480288859034
30,87.48636852720333,2.361508169995165,5.208169896501428,18,535.2707839801224,4.820409945725216
31,97.65875904153792,2.4447689429263466,6.720654866269492,66,633.8106384976942,4.476574121711011
32,80.86017631338677,2.695678832454036,5.514428207662165,49,480.11494309407595,3.0237617425310024
33,81.31332249318022,2.1821320034765663,4.595393429717513,56,509.74261996708316,4.43362867817599
34,69.59377549355757,2.1401015169263395,4.219392493979478,33,390.4742759798751,3.349812084892334
35,78.44104604678054,1.5432568518702727,4.916643305627459,56,537.99176359052,4.429184682760143
36,85.52948781770047,2.0028809699048824,4.321804703603308,50,467.960864252645,5.513158546175098
37,78.06027154239672,1.5347552192125276,3.7648288767255114,34,605.7103033258477,5.529760086735944
38,89.73179346994787,2.241383039733399,5.327897419617598,23,464.97243870235695,5.109947496934262
39,87.63520796391953,1.5215144525757904,5.403532905034617,55,389.4074860147887,5.433743125429127
40,86.40663383909242,1.4251748324649203,4.686738567708476,92,440.87979286926713,5.697801358114356
41,86.83932249456781,1.6206274174761723,4.05888762922072,29,500.17346797334494,6.4829930809109735
42,82.56146237792188,1.983632472219131,4.576925368062905,36,572.7022341321929,4.920029846389778
43,80.88202618611335,1.8656842280753323,5.890386399699216,52,629.5800418775875,3.5575673434633828
44,90.50444161688793,2.5630805424855088,4.198141079592798,34,424.0569720043842,5.805711955565005
45,79.07718745135851,1.9994818626108253,5.206957190130857,56,361.7428816510369,3.890632815558988
46,88.07676975824933,2.0276874422750053,4.80830667476613,33,531.0689516793321,5.549485884421787
47,91.02318631643325,2.098237428255126,5.129065863507138,95,423.0829685140798,5.252632861871927
48,82.16039333082985,2.1720161271400706,5.483104419494931,21,494.5755414506489,4.0487115705815455
49,102.39079644434383,1.7362425581915697,7.4717123223046435,57,509.391151698054,5.443125950264459
50,91.98797522307109,2.4691288994236946,5.55502002704969,8,423.64328241729703,5.201155587233376
51,76.89372760686442,2.1612415903919406,3.8875039882570186,76,407.44422498393214,4.316947205098556
52,83.19132745778974,1.73260934643057,3.8837862447090687,64,584.042237833046,5.70399871416736
53,85.92698100011674,2.25530408811295,5.354107316731066,63,540.8530043373188,4.284169758986044
54,96.47196489416551,1.8433314700076362,6.721716894553843,61,627.3114520249671,5.027740494928494
55,75.0127447489626,1.593854372021233,3.364562352387402,80,520.6011127588266,5.123954446913477
56,94.4834824960518,1.9950370366567776,4.732204484654731,72,392.524930890062,6.387154119822892
57,92.20016337065019,1.9777624127552373,5.691199232396439,29,478.16748953786913,5.525170417202296
58,89.17018885565133,2.75528570842999,5.730350930388725,44,539.4601904372761,3.955339544111826
59,87.5215409147994,2.205522882668147,4.2942792074764125,2,519.6590056364015,5.928183845102003
60,77.47456615689042,2.073382132698146,5.271535590764155,5,592.4043585220444,3.6833229163600523
61,99.91634624577712,2.141209471003195,6.0756679857995985,42,482.77914694747926,5.9502161533552105
62,102.5639586991786,2.4267602001690918,5.484778798005083,85,427.11339401057654,6.23919583664478
63,105.79556609607674,2.8016642029733805,6.20100273963603,73,399.86831516301936,5.811769810846572
64,93.37412488601674,1.9393076082246132,6.050539781239738,44,458.5565677835837,5.3666062453516625
65,94.9540639046837,2.074240424314977,5.810647676260339,82,605.6049637878251,5.199255081973556
66,97.79234708830799,1.8524088037393125,5.734186609157565,80,463.57542457098157,6.020600108528917
67,83.63305439781226,1.7131569823754838,5.842603788313085,57,606.0486212132587,4.121135229567918
68,104.29278973888157,1.6477483501891452,6.812489413370905,91,596.4245730409983,6.132628922224566
69,89.76336364436442,2.1042200736507195,5.177883014349307,32,457.78163383223523,5.453888963815455
70,79.71519475384271,1.7678318880592792,5.155082073843206,56,441.5307428096086,4.193258464552291
71,82.50669791137042,1.664982623930913,4.490553394858106,50,494.8955172126937,5.292711258180917
72,82.24433210228835,1.6382446731052098,5.467933632100404,22,443.4505145421158,4.731602399291125
73,80.44472296821006,2.166881564990275,4.250979400972179,12,577.1851105923855,4.883086168786213
74,83.51131309222679,1.5554442972743585,6.082744401150574,39,391.35470666228844,4.405395875435069
75,89.84167247504581,1.5424570421352304,4.971560365053346,66,406.2129522862704,6.012128886146976
76,80.35406950982998,1.9965691233484948,4.648663906440922,10,593.8679016662503,4.754718759291497
77,89.56615398853118,2.1442053091325586,4.36211466458278,3,624.3355197386701,6.14233349245161
78,90.93417083685563,2.2286938830681398,5.195952113758266,74,571.13210402046,5.059036084123912
79,80.85190556201384,1.7692175350182533,5.293713216955182,74,530.5838195335344,4.088466699768643
80,102.05450128229062,1.914680303279076,7.49590470350924,13,377.7069270802783,5.604305841246051
81,88.80444652911538,1.5292982677294162,5.225120463054295,39,590.4550742894594,5.782603963604927
82,92.05718915498821,2.3489147183343717,5.457645558335328,56,575.4562961225054,4.999866951672031
83,101.14639230436234,1.473957651302569,6.272328962682428,77,439.81603804537957,6.526016336999216
84,93.83338932369959,2.2977351453345505,5.6160947792183045,11,553.0178289853033,5.479581061837021
85,97.11801677412751,1.6327868681552689,4.39459169574418,95,534.5848118655091,7.178056448581769
86,74.32761482274127,2.257735776270146,3.8275023626273397,69,549.0784181537701,3.8724495649576425
87,76.41399770016086,2.5410939348041017,3.9379350353930476,3,605.7321123497444,4.1552321151843445
88,72.9434847565172,2.4410090079371924,2.8467095253473444,1,551.3798408926142,4.764884440674206
89,92.08504138430905,2.113888411495862,5.242118165544419,69,417.39649366530136,5.481950163504625
90,82.90537103420706,1.5696883774792476,4.566827700827925,94,527.1047229365737,5.084237995298615
91,87.864416046616,2.0151907502729745,4.899464215258122,81,432.59698954434214,5.1592774221516935
92,89.32302512308364,2.7501424679908095,4.144943709831996,82,494.68098310242664,5.118803195722963
93,76.66923675007824,1.6347552844618727,3.004163238447837,96,581.8779913286562,5.400727662771544
94,77.93527349263712,1.1331588682642426,4.776173745606252,4,562.0577600286698,5.296176897412352
95,77.45206619723302,1.8733830039179558,4.662970634168707,91,519.8297101151746,3.933595639693296
96,83.1788089523541,1.4339978409333056,4.392492272792919,72,562.7418256452538,5.54082494169667
97,102.68929936833885,1.977540617448137,5.808379750407955,96,481.0256702194548,6.368752718738567
98,87.19174299987066,2.3408662800779574,4.431491258041096,62,648.426432543941,5.080713361392604
99,82.6717961145642,2.1168975759063247,5.207820576593707,12,592.3724193019414,4.433799619956297
100,78.40239809955354,1.6436170328925266,4.512545785666808,49,539.0630927565467,4.696836962407115
101,88.78392378167746,2.414881420975539,5.055304411437616,40,683.1159145917911,4.863287193197031
102,74.14845595929017,1.0628575572383139,4.573686601737547,14,495.2914670114122,4.994292014382653
103,92.88256691224665,2.0739119670415214,5.57110569828018,21,394.7928551027375,5.686286519266664
104,105.28488259134451,2.194098315691748,5.4101107005940925,20,383.4352117347511,7.547434839787988
105,88.13043717464876,2.0589395614995545,4.669743218026494,86,403.4838996809416,5.32825674860441
106,84.53927969050099,1.4626109066218256,4.307466420473634,6,567.3443059304203,6.274183392668814
107,90.52420763588616,2.4694546097811227,5.179139879703321,90,574.9809007850358,4.553215870393434
108,83.20675525437177,1.6280225528309247,4.701844068378209,53,523.0243805989326,5.271659316098965
109,83.06213596592745,1.9512694722887922,5.785111015508439,50,434.7796789924755,4.020004950539137
110,80.84291570476208,2.3356008401020882,4.764770361767463,42,534.3704255550206,4.021212604817006
111,88.89615276676997,2.148107008905132,5.371286459072306,96,493.92689185456277,4.5901471623110695
112,96.18733842277314,2.3319016315186567,6.32685164233996,64,514.0475043328345,4.844135070735453
113,84.31055355218417,2.155239892325667,3.5755873524679953,45,516.6816113467082,5.847715567284334
114,82.03108053482212,2.0272885231650353,4.406990549278553,26,430.1375348221871,5.151027206315301
115,88.43985926186268,2.078913950936171,5.059484777700509,11,562.6066592467448,5.448342313795093
116,99.62456714050921,1.6741657586572316,5.63292468765658,15,489.64234562047204,7.062192297757185
117,92.13032219184562,2.3141840170290155,4.093986767965467,69,487.6467016288264,6.176360155001164
118,88.60152064149204,1.8701791727834418,5.636742338129798,26,507.3474966112932,5.187762998616878
119,81.98807721467455,2.0093675229059182,5.809537455987918,7,444.74911790311404,4.032226936753905
120,95.68457614191892,1.84732793453392,6.101303302812547,0,553.6059818757861,5.929244499017919
121,83.20591058796248,1.477453910104491,5.320414641963751,99,581.5421841432191,4.575407654046302
122,83.58422713470796,1.8568329292645256,5.335147221599671,98,429.411435787521,4.279431618844392
123,83.80044973074035,2.3556376862395387,5.509431686819235,0,399.9835687427065,4.237618065151754
124,88.6511545741483,1.777307832458413,5.302187992652085,52,589.5573478430887,5.256975918856335
125,87.08417434739847,2.219335126502581,4.117474028313219,18,585.4751009191642,5.838276371853121
126,80.21425626522041,1.785635097070248,6.126611750588669,57,440.43748040489254,3.45233884083771
127,87.95139574400031,1.528846516115573,5.850996472194727,28,483.2058614982899,5.279155059583481
128,81.07951905771728,1.6815635236761037,4.972197948780455,2,534.6160421272334,5.0307928566259426
129,87.97485845574224,1.7722993659611466,6.75846485895375,38,498.62039284112944,4.10244152550181
130,87.3656639816443,2.4332190284566027,4.519293633889001,11,452.6193516250395,5.405585952848777
131,81.48437320708796,2.2320097226445554,4.830796224616132,70,444.66213169905393,4.122569764488386
132,76.18535990216265,1.7428025669708815,5.277087850407962,42,401.7215167159844,3.7889699488908613
133,75.57721957381361,1.7569668606442987,3.516191363845178,6,499.6485328405875,5.354752945975591
134,86.2977198908419,1.7244052846411528,5.330413121522971,6,590.5405334321665,5.3252148127023275
135,85.488081473117,2.3099033392785726,4.386894850460486,82,545.4095408272797,4.880308831616569
136,82.27980853491513,1.9946046578683372,5.031346677087313,58,542.2370360674806,4.326970054557249
137,91.191031969219,2.1504300897556257,4.699390764643047,46,401.9951420593362,5.9381528690424945
138,86.79666341535601,1.6018935478702658,5.462885183012437,29,379.9796883892393,5.421471307213239
139,86.04125829293366,2.4594467048644555,3.6909631904034788,17,449.8870258885218,5.875167612350523
140,100.58653784607277,2.47180813684843,5.298066473977501,91,470.90176127794484,6.079529586780558
141,94.41688172899944,2.1313464235539548,5.824259868855106,3,596.7031635552172,5.593840088217473
142,82.29966483893821,2.1632695483610824,4.207875796429233,5,648.0115628075318,5.19066396037752
143,70.19799277724073,1.9099164827891297,3.9251038826878104,12,411.4681601271868,4.158221313044655
144,88.29255259891336,1.7126368611901097,5.798658788311087,63,400.15571191020746,4.969444094076933
145,85.06275165294376,2.011786601636376,5.254631486665503,24,607.2279206091991,4.745734362024564
146,88.05162474942884,2.4874754313131766,5.528953486019295,17,566.858089846067,4.465406845989192
147,85.80378196889387,2.2104708182198474,6.36195046943111,12,429.7731126926358,3.923262770278431
148,93.03681688860809,2.4044986411981037,5.457098082452539,72,568.1675512878342,4.964557468630943
149,86.30089436645899,1.733501426773592,6.585227585363557,2,435.5727484373083,4.4041906257932055
150,87.30214922944067,1.906711360421377,4.40780460596997,23,533.1644200066648,6.012910809934095
151,87.40359520921787,1.793753746525844,5.517930362655887,48,457.70837247148313,4.996893319001343
152,86.4240829169372,1.9935655497537554,4.932967297314439,6,424.10999932948965,5.481074062163948
153,87.92217442417092,1.8820597279517723,4.60562584294857,22,686.7466330339344,5.82161960245813
154,91.70014359688938,1.792847350229019,5.68847627859766,68,628.2811106627059,5.198344402736945
155,85.71958991112766,2.2771833031304984,4.0404278473867485,42,430.3606750948063,5.595117227467712
156,87.115864960854,2.4106340846700887,4.57834012283884,54,448.6236957507251,5.066460506412517
157,93.28103609827534,2.2868357875440055,5.700927981532339,18,518.9516931534843,5.334067884167554
158,100.51568139776352,2.211208941101046,4.6505314052527105,95,565.2472388313283,6.762978414262066
159,97.4690744713268,2.383385667470232,5.3011036910440446,50,418.91742128494576,5.990443756584154
160,77.76122149202551,1.9205280114535086,5.097767090922988,4,524.4836115157874,4.132259217975597
161,99.64716657025876,2.187808592052911,4.628166198788092,83,557.8060521917454,6.7710836567364145
162,79.84377198039144,1.8805575934847947,4.191206342807048,24,477.57689401888126,5.132417473776209
163,83.50314016053784,2.0222522694386353,5.739905599382613,2,543.0692706159429,4.262420010617641
164,87.28275065429612,1.8114076378475217,6.221204726443929,19,391.37169832175164,4.652931700689759
165,80.65489770770432,2.2830205284791507,3.6853341433339066,75,384.66380262703683,4.939872342880849
166,94.3121836340787,2.30443057542848,6.239210389409908,82,370.26737653923533,4.693460509556855
167,99.48459086853401,2.4274081384470856,6.005576014583242,12,378.1411285678282,5.934448454561147
168,76.86950712966481,2.0742045150869313,4.228007096589733,19,465.68987083633954,4.509025639191487
169,89.08944449880906,1.9781255708166419,5.923586235207578,70,454.4021441481382,4.587902094242877
170,96.89390806693473,2.359699855062433,4.734988772818086,20,539.2462749042924,6.5900971570755935
171,89.25351068006975,1.7276898166134373,5.741371326316713,36,588.1673954206288,5.1833415401618375
172,76.79251957291609,1.8384853646397905,3.9681863097707666,15,387.3303074627137,5.096233594050021
173,85.31973526177998,1.9599183792195864,4.980401641012233,70,573.9472910689332,4.731682323689799
174,78.64998591352798,1.731349816585618,5.5878687097497,74,382.82708671731336,3.6579657221980826
175,90.8631007672073,2.7569353983287437,4.297835113183893,88,509.4093447920146,5.127530087657912
176,95.28606052893278,1.841506003606315,6.154388709643277,64,407.0367477030744,5.549059971883319
177,101.5770833723887,2.2403733437431623,5.119318176419825,15,539.3594727459865,7.104792161287498
178,85.16343837484453,1.954399213133404,5.428778963184668,1,519.5330348379995,4.91550222517813
179,80.46194744310067,2.207235980699325,5.12286469077705,5,447.576025755882,4.229974603244648
180,87.24161005824995,2.264262076075348,5.19842223813425,31,439.40862765326006,4.894084006084128
181,94.34935185405052,2.29754842128295,5.14710057178936,98,510.15829221922064,5.3673467993672
182,88.04884854761995,1.7396990762642248,6.897231001733803,46,411.89015784267514,4.068369118188582
183,100.44548371170713,1.849900615265266,7.083989601000058,92,466.98791152049796,5.166241942439958
184,89.10779288537593,2.243385990312872,5.291936187278047,1,473.8042788940679,5.335399327075993
185,71.55524789641414,2.1115294736134733,4.245234007513436,12,429.08596696705655,3.771711743619793
186,82.25561253702071,1.7038865951493714,5.47767667954823,26,551.6308159905088,4.580868734710071
187,75.92524455514753,1.4441409331435384,5.855316269061358,43,347.26537981566435,3.6845243294172665
188,81.10654047762705,1.945447022215535,4.846760467694544,36,597.1862428499359,4.556589837221776
189,84.29877299043191,1.895450081684342,5.234357926596659,79,434.8138275160088,4.529731744901212
190,76.41969739668252,2.0132192327112093,3.1483846725786466,13,571.0769170884397,5.419035337323696
191,74.35246773357912,1.6010762644951786,4.705220478680207,12,439.6334482089879,4.401637079567236
192,79.44050967509426,2.4163825629976765,4.0480271677525135,76,513.124698727248,4.220821417303373
193,89.59311845085179,2.0145329585471976,5.847149599995966,28,519.3669333490826,4.896133474273876
194,91.45947245581512,2.1385928981847693,4.482481440334489,74,551.5393751674507,5.851904538853843
195,82.82319845151493,1.74473379340379,5.547421498695804,61,542.331594189092,4.224964686049814
196,80.4940558125492,1.9191327306136479,3.9222631849740406,20,522.0199887137707,5.4679413382136755
197,86.1602257675377,2.1124192194531086,4.820606192739746,86,554.1305393993638,4.711431991177192
198,77.42369576979227,2.111005276209285,3.737991469129963,13,450.68207702647584,5.03142809523067
199,79.8750194723519,1.9193228743112298,6.244454430187216,15,376.1301836303004,3.530977943541707
200,86.69368517005863,2.307964741629763,4.978675313542583,90,416.68907970013356,4.532296184591806
201,78.48331508917647,2.316929146881676,4.849114205142503,52,346.38536706960804,3.7868148152971504
202,98.11688832589138,1.7018769555632045,6.0703715352391105,47,410.88057286446934,6.234777466497165
203,92.14877397360254,1.9740074647281745,4.827426946961439,23,478.28130315534804,6.239977813074116
204,83.96161703670255,2.241823950775131,5.506588063568776,59,493.1068944069607,3.940253697469732
205,76.43701170439697,1.8696719559369113,4.799913663824435,18,439.3166358862702,4.193290469889239
206,91.98954188940945,2.026194561030493,6.2648185962688965,35,513.8100737442298,4.803055183053648
207,86.78136218693936,2.0135073803497288,5.726485865376964,59,580.3419331604891,4.351488493082921
208,88.93604548807265,2.353238958257891,4.98891343681914,100,495.3209248108889,4.6431163254049315
209,91.44365671886577,2.3147706800784693,4.999040425122664,9,503.48683740186544,5.688490659289044
210,75.94848745146925,1.6740221899393457,5.446372042418945,8,379.9740251195036,3.9539554743878966
211,89.92649606112374,2.4880481762646447,5.854702979574477,11,479.5971301119026,4.569938719356474
212,86.72731695223187,2.098927676634157,5.973653874052592,1,356.3872519278548,4.640691095476774
213,81.89730611687162,1.6869468662412022,6.3144874540980265,80,436.47155804683285,3.485937931129695
214,93.3052248446594,2.2770134723494935,5.735859195057077,74,468.3060333474649,4.931054562463508
215,96.53535128042047,1.961544195040825,5.419012535558609,40,516.3545268406845,6.221087724224253
216,86.1051536768518,2.239365279462112,5.391094051432702,62,323.56448615317026,4.473759920406843
217,84.26712991101849,1.5873230040675912,5.073869894291785,64,356.8929034876261,5.174516547522134
218,86.92661909013952,2.161133218645872,4.061803959780297,30,508.6115178043043,5.9405351317773265
219,99.06417356582605,1.9213751434594977,6.370211746147531,39,469.33673163916615,5.865712357145421
220,76.94523417672593,1.607439244411435,3.1528576989630412,52,698.3856581474844,5.556459181310616
221,75.34458824427296,1.7523070905015294,4.197988091065074,28,465.81362214163454,4.637152906868386
222,90.23109895838056,1.9358335462539455,5.858999811823124,23,522.9576568648467,5.079561870309089
223,88.42670487425735,2.4369032240760027,4.309098659098087,10,578.682519523001,5.686063283336759
224,96.67558561649889,1.8467602863968813,5.173296828104051,91,498.458399446337,6.260801761774324
225,75.18380798964333,1.9341538012675215,4.476382967817628,12,456.2696790584172,4.247380494031388
226,87.02039414004986,1.8948791146849508,5.8191860890861395,1,454.886064821341,4.932181042270038
227,101.2251256863673,2.5736152074497864,4.98142050853051,8,567.6403582364194,6.794128226761303
228,89.13138765027816,1.746939878813244,6.358775841546502,44,476.5919876001429,4.630418294268699
229,85.48568880873192,1.7580948331520754,5.592814333070479,32,615.6493433328646,4.726411894953304
230,88.93396433713399,2.047518474672513,5.174480443735753,79,306.0009254349792,5.11266087221393
231,88.95708005660074,2.482399368904233,5.059039806808579,79,615.594517838919,4.514631257987581
232,92.49762112219732,2.491658881345248,6.079052657395179,1,408.5180280500118,4.8133951869714835
233,73.16808878267858,1.4864963853491937,5.358271834578261,57,458.56799888725374,3.3869807635741793
234,104.11664684417799,2.2031022729611855,6.071547500820111,95,533.9281230340273,6.057558384937567
235,73.2050071903679,1.801441635734673,4.9252759366592525,63,505.1775013177774,3.3963988482585803
236,85.87950598911888,2.2457323718458757,5.47205406105017,100,620.7549300857028,3.8547351374206924
237,76.31723537821895,1.5739390205814046,4.041105960100978,37,485.7440663156836,5.032295531393169
238,82.70968897495132,2.274192614812313,5.223571403638576,46,577.6927004690062,4.045390265534693
239,85.56324096476423,1.6445589332580026,5.773442034449236,63,413.46768693985825,4.688643302112146
240,83.23827527808442,2.138671974026369,4.514010357247111,84,613.0724543739918,4.584289185786515
241,92.01380772729883,2.658440846907142,5.055579083355912,68,518.5986788138133,4.903885655145055
242,89.12963655812814,2.3717910528544794,5.306171313310157,46,546.8787667364167,4.713082134319589
243,86.473068781517,2.368772562718216,4.2614738988463445,40,463.488879768638,5.41117798500549
244,80.87714578953779,2.2627744100332543,5.469307331835419,5,576.9403700721465,3.860795915575435
245,90.58859565838296,1.7421042898752788,5.253194159830664,54,391.8715041836757,5.772572046457806
246,100.83746410477437,2.137603586952234,6.037283617659604,89,343.5427772465317,5.898759545757384
247,91.0764172741249,2.0837905371185568,4.796406975660707,65,540.0288970162511,5.608925043805711
248,97.6386095105769,1.8078973029766205,7.084345867966636,24,603.8686416861322,5.194363740952795
249,98.58964006234861,2.6657536244175244,5.469677878490988,53,506.85144632744505,5.627874662601301
250,99.49064710231286,1.9438020419013642,5.153154655704743,86,545.7913943200226,6.583108943402724
251,80.7684590036899,1.2747772982828056,4.082772697984425,26,499.3138969556727,6.043271235942046
252,84.16718487272604,1.6707462602822978,5.6424333213074425,75,361.5321954053526,4.516991679970863
253,82.8687237843506,2.002391961699235,4.554648922952679,8,501.74724667717834,5.254280371759594
254,83.59142601205563,1.8985783576344806,5.222407118434497,0,563.4604196649226,4.891676190754696
255,82.37440941056173,2.4017107586892537,4.831755427492742,72,497.2655233104844,4.020492189042682
256,90.43720043689086,2.0419463724733213,5.973120830251876,69,541.44829634374,4.540606828805812
257,96.72693838541699,2.5834924529124432,5.345317224105764,70,472.294005971932,5.417943944808353
258,71.68727310951718,1.7506983140024652,4.558805675882019,97,489.0413726356188,3.291607857447481
259,80.82295134914297,2.7448366639756965,4.5717719293869425,26,531.1640638311578,3.9516992945000284
260,86.05067200069468,2.0659303684317067,5.195170316910613,87,523.3948295303,4.4852856266374115
261,76.70609063271372,1.9429415628371638,4.803890380500065,43,451.45504399244066,4.0107015930454
262,96.2485950378965,2.162999293326349,5.981285756049685,90,600.5673435609738,5.068199977947578
263,81.13841819616536,1.9559205954076004,5.603183523776455,58,382.2535982456388,3.86686521896247
264,91.00436826552165,1.7593553252802892,5.787778578878664,4,409.51499844975274,5.677141401209813
265,89.29743061009866,2.003075472044251,5.615559324818229,21,537.395752014312,5.128597526183282
266,81.4876064295451,1.9151193308853471,4.900004365441328,83,415.43406077689343,4.3779042792224
267,99.04358673698817,1.8631672361755531,6.005495441529163,83,409.23860385762976,5.942059576471794
268,71.02081101385853,1.717735105284038,3.7931188209606015,13,454.2388915364093,4.523572722801543
269,90.98589004399363,1.8582289931083253,4.118987347271979,69,406.5430961068323,6.557441380117533
270,96.87538870029577,2.0642057574550408,5.969346755751448,97,462.50352184096164,5.366423069017357
271,100.8600762080694,2.1618994165759493,6.2813539365049,60,353.1002097912235,5.873287376475032
272,76.71029833103532,1.929439716235643,4.062783736896934,69,452.4192603791592,4.4318646917370605
273,91.01816172947588,1.819784013112779,5.945136135990333,79,553.4084207106797,4.842257558297557
274,78.76946909424252,2.5416442348029786,5.564969142601512,11,463.3135500925949,3.1410691396727746
275,94.34288227430692,2.3089448041980716,5.2143187307693255,33,533.2476359248521,5.732833317806864
276,91.27331209217407,2.2188424502277178,5.280079698174684,43,442.4415081458697,5.337296960737352
277,86.99524876316924,1.9380059234636968,5.925761483774959,2,476.803906405428,4.764865543128222
278,80.2648681615988,2.170352679312841,4.07121489493121,7,657.9139498633496,4.9461377520678385
279,85.658691194697,1.89825811735557,4.529185619801225,39,380.22162108458855,5.705461874824847
280,83.24021329037228,1.8292241689768736,4.22562136587145,35,558.2131953814921,5.536643397206217
281,99.90129340044783,2.3006075809046607,6.865868419730694,80,539.4665870637566,4.795239339159593
282,89.03108088230108,1.848384447241552,4.54128997420705,68,476.3721169003317,5.876841098218936
283,84.42085102152173,1.7989487304218825,5.116779381228391,70,453.1844904970536,4.731231630428829
284,73.99874149508253,1.845659146597026,3.9336276195674684,66,459.21013345889264,4.35225772007767
285,84.14820855080434,1.688473752451269,3.47659339789194,39,417.2678681420907,6.49666199628179
286,77.08626197502072,1.8577058852164936,5.309085638346047,31,583.1795400533318,3.6658157745622666
287,87.7106562517892,1.9100490428901793,6.128424433467608,7,520.4572895506772,4.6802795318282415
288,108.03129565359127,2.5208015050263057,5.907258092459379,96,395.9605528502444,6.517495472154032
289,88.83587757779675,1.9029280381306202,4.611908813698095,74,534.1001848841812,5.632955728173547
290,82.9063931881397,1.8657624918801639,5.032888299449301,46,560.5001040354601,4.678929852176201
291,78.76626899264183,2.0947396385657235,4.60329553490995,11,601.9459499413608,4.380269339120968
292,88.27909780241018,1.8814379381111226,5.21120407799718,89,430.36492133289016,5.010709029650632
293,73.52825922802278,1.7102495818459613,4.619988630011162,51,487.87833649185126,3.891878910316438
294,79.46081753875247,2.3431748142378064,4.7910319364660365,69,381.11112003535334,3.8179542270248605
295,98.04397007294668,2.386487922465823,6.259201400045895,30,624.8118843732228,5.254676045775616
296,91.06645756180797,2.063769982561664,5.414787260766626,65,450.5444748856687,5.209982519783155
297,96.15583636425525,1.7959936958990372,6.136351519562741,95,489.69591102275876,5.354657979913647
298,94.04697479957834,1.986341965386896,5.811215336851417,62,406.45578139037565,5.464098576385369
299,92.62561218298536,2.1221195690308905,6.213863187637992,47,507.52750273214446,4.8008476339900215
300,89.49938613901952,2.6585647598028745,4.902334935567103,84,379.87897453017194,4.711983782101774
301,79.98630078579599,1.7888954680493765,5.062266509158953,90,504.71748139786183,4.062764604001177
302,86.45538479090588,2.525125772579684,4.641444482413278,25,548.2063595133611,4.905867010890595
303,83.48993327777737,2.344002793662143,5.004336362170428,23,383.3704868568135,4.500554321533322
304,83.10116506639328,1.6858955265602735,5.192408345109002,90,443.1719677901142,4.585399838986602
305,79.87380861550014,1.7102275095665826,5.669317743431654,93,423.53057523934103,3.6610985987499296
306,87.90706759728842,2.34220071554497,4.452783682331125,65,537.0673002938619,5.215375657018837
307,85.6726690434596,1.8558855881525238,4.319393999230678,55,479.4794254721337,5.663224707406098
308,83.67040136408264,1.9178349272008133,4.843884471550405,0,597.2193550813396,5.185767168531966
309,80.11469808728143,1.6428656012749954,4.8601770132890705,40,448.98985014410374,4.8045999695634665
310,87.24563249052314,1.6238689907870587,4.976732994095002,0,595.3493339441559,5.896510815732341
311,89.1587608141084,2.002020929656741,4.503855761297354,89,530.6420300264969,5.532439324760015
312,86.75419336621383,1.960174081392691,3.9426732591302995,80,464.65053928877296,5.885993704697175
313,99.16582541887486,2.1679973625006346,7.139184927741889,26,554.8562406575155,4.9751999949620975
314,92.26943591278727,1.7577350221657737,5.329552631313522,66,504.1303479848878,5.782977306693412
315,82.26092286162466,2.0298173413288,4.938529754769507,7,596.734429853841,4.723964361635514
316,70.02510835809079,1.6001916301190042,4.6088955959644204,28,447.6158353147115,3.7008560339358114
317,85.57017783699892,2.1295810336477086,4.622388693657709,57,641.0410784183371,4.991572948606457
318,91.38082561556514,1.812373414036447,5.3503938925155055,0,479.89014383775316,6.045088481178121
319,96.7605987143918,1.7907083367385275,5.9375255129800255,89,579.3819780396007,5.631307606795357
320,76.20113768947157,1.7337875351145455,4.71960421984612,50,488.3976454139514,4.139803704312437
321,74.96831162435056,1.6802819271878862,4.046894668067571,49,470.7585846389741,4.6600205848281675
322,84.27193517888796,2.0161446010139485,4.353921214080439,64,489.53383048185606,5.197767175664611
323,83.91736618156868,1.8042196445742815,3.9624298791119843,88,516.4821286611957,5.519079819038
324,89.71659481128916,1.5965686052726793,4.728544209650413,72,490.73790987205456,6.036792158668592
325,93.59875010869045,2.197411611828964,5.163129707148216,24,404.5226652076789,5.920880481226897
326,82.06501844675296,1.4331262043585657,4.830364434562589,94,485.73136484216366,4.981526538307962
327,86.56886204172812,2.623750971992716,5.079907477345146,7,437.66259659202575,4.622591899058376
328,91.78139186831652,1.8900271698079865,5.014061192346236,86,634.0644066190418,5.567290494198938
329,83.84235330696424,2.246867394514051,4.588895115352923,75,372.98694003904296,4.671884106204411
330,94.99958734797316,1.631462621446114,4.277977232723614,99,515.7542367768773,6.912745791255988
331,97.05816758935488,2.491025415138039,5.345888374092085,60,549.5159625924938,5.6016390865066565
332,83.75287544210624,2.01441203610339,5.285686621200911,100,470.5356549043908,4.092657116824402
333,92.30226733078054,2.0399410630511086,5.783198220713751,84,460.5479835787283,4.981148806743738
334,78.41231093197361,1.713927756439826,4.133367743485765,20,507.87030600828626,5.2228049359881235
335,94.11160701927456,1.9537681747910651,6.128604365493054,31,498.75053101767384,5.39423088209604
336,78.2758381280065,1.4193520375383273,4.261965505406629,56,388.01521689136973,5.211653444907478
337,86.73007211741461,1.9079981471163778,4.684342953096303,80,569.41999116561,5.158995767437592
338,82.60836626855738,1.8405049552287993,4.654925527469264,93,472.7828103639938,4.697435019079233
339,83.22851955786618,2.1708793480350934,4.2611059205406345,49,416.5108551534638,5.128158598335529
340,75.9204144834501,1.7629583005703329,3.151746157332894,100,391.9849091121313,5.139401394103124
341,78.20252885449437,2.1357864985905874,4.631130747108544,71,451.40341846241705,3.964277248235166
342,83.46015897789252,1.5396741440270691,4.240288364787579,28,453.042099270789,5.998734390515591
343,104.0761790008541,2.0006210104388304,7.057427678999306,95,414.8802730848581,5.5431493434867996
344,98.18670311295529,1.9612018751953462,6.230086863648884,73,441.70844689513854,5.570217221043144
345,85.6489944501126,1.9440574888880222,4.317065347551962,69,611.7634372011015,5.3375138829882385
346,90.04622324069508,1.7253879947772373,5.404987682079396,17,611.5568625378627,5.713160254734018
347,81.45990366940978,1.466434540733492,5.073626233192814,89,483.1324529167175,4.672939139328085
348,104.10263917669727,2.5172912662214717,4.4937699456347255,81,629.1560338100163,7.137021516937409
349,75.39928220602206,1.6765445120045126,3.2014102828563207,60,506.87006101646006,5.352154954004059
350,78.5817466769262,2.374926423844764,5.058595989680126,100,481.81963356954265,3.1597726146174256
351,88.49831181737197,1.8930826221797763,5.666143362561913,75,487.8687429334878,4.740951860611052
352,90.16050093442294,2.3715036603507422,5.568578229999083,24,460.2656166028018,4.918608086379576
353,93.87261655154445,2.2712004864454878,5.770956084408583,38,446.3802771003275,5.263140553170978
354,86.16531625910768,2.0532093939992326,4.583790585577619,31,392.78116751630023,5.4924900566578465
355,90.30266793198733,2.2060398487981776,4.417301308957574,67,493.23551149442113,5.753308047025851
356,80.17199216383767,2.0468665058440463,4.543841393460901,64,425.8297561888816,4.455518714698228
357,82.73260437829379,1.8539591306547685,5.196214313482745,0,528.1116304105649,4.906156910928662
358,89.66560845961442,2.075738722910173,5.22462352835556,83,436.85623136439335,5.078930824853778
359,88.19738791589812,2.053418970669851,4.836386554296915,55,519.9109070537075,5.325233664863328
360,76.94419313595186,1.9658909295014748,4.330955407772598,84,506.26670787189283,4.108018590618412
361,83.48840261368758,1.5046681164064641,5.03595285372965,38,510.44889167277114,5.228747529678578
362,78.27743637410374,2.041337370348605,4.4949898970684785,1,630.9779349266194,4.4934102697076135
363,76.93119090605948,2.174922125062879,4.2179205047663455,42,537.2786280569802,4.252185452127351
364,85.2486100328015,2.4612306957609005,4.036242745574095,4,428.21791807445265,5.558644883383619
365,89.4692451919359,1.9873900363915624,5.500415522181745,70,391.6812024742043,4.993048347935359
366,82.1677748745641,1.7163569492826947,6.17145117641218,28,502.5637352842427,3.932882955453824
367,76.34556110086467,1.7165134894911251,4.5203161777502165,12,283.5061954266532,4.760217658739942
368,90.15637022734442,1.8796489660311795,6.298344776020983,92,352.68407351932126,4.391155955510728
369,75.65988044953754,2.208445220588665,4.433756134379742,26,585.571071152695,3.8430010423421077
370,85.49739272383374,1.8665873681510847,5.531148744013541,55,716.3022416563264,4.428608107701637
371,82.3115672669192,2.162125785849313,4.391934911244659,48,600.1429970456242,4.7427986989364
372,94.21805191501385,2.0003330178293894,5.243355447753926,72,511.4922942835416,5.74089658219221
373,86.96079540099595,1.607780752688796,6.559951947471675,23,452.94716529534304,4.499981450646437
374,91.01063371625361,2.003627936004615,5.424671321360597,82,484.28646165568864,5.161976303804532
375,83.78363257546509,1.8047209614889568,5.277393890794884,12,388.20166425253444,4.986163616617326
376,87.61282903158823,1.958878937332948,4.996309848267341,94,598.3300172743038,4.877310612817477
377,74.59397006974362,2.0485409456933312,3.891554567924819,43,518.1445358560759,4.337464866340415
378,100.8715303837963,2.2987941819879416,5.341028427127771,78,522.295750681376,6.268169359744884
379,89.50159313710346,2.3427515360995543,4.675265858095371,73,428.24694749285857,5.283274534067387
380,84.06395390573375,2.2257155851008976,4.259566970048867,69,596.8612461349676,4.898183901375643
381,84.4773017512358,1.9961464149781256,4.474594773133667,8,451.3855263838393,5.5851148999857125
382,74.51366778290642,2.216964712031497,4.593089454373903,43,443.08061438046957,3.5222056651626534
383,86.07874232593981,1.9662503735156656,5.463039527490244,15,601.3660789597142,4.796691286321614
384,73.78882909983587,2.4258914713384323,4.275422857947079,26,478.3844366825883,3.641874074296923
385,98.57497262479804,1.5300594287837588,5.8505652153499,53,468.9942593211209,6.584395650910765
386,86.80626883624733,1.9720178934345283,5.183723644408689,54,488.5164835218842,4.9495814301750825
387,87.51388938616243,1.848063695494011,5.2878368513732,1,454.86664998785193,5.511103648531102
388,93.72631969375803,2.352226916945251,5.053152645325641,59,453.5759916907268,5.613695460021624
389,83.494758247369,2.0723424843944547,4.705760468686924,72,575.1588647857661,4.6013744706656805
390,73.25936650070705,1.9302451178470896,4.320319216678776,11,524.8322563696483,4.159829226334711
391,85.65149971247436,1.9143632545578328,4.995472792779271,67,366.11879420816814,5.000278250226915
392,91.41655821990497,2.339045601543527,5.055161402371597,17,521.3763358122643,5.554458814933181
393,78.1252715697903,2.2817517283926003,3.6373446844550834,81,553.7607810812834,4.479794067171271
394,89.73453585483168,1.9993224754739973,5.943428342737698,48,453.67944375348446,4.756781128164884
395,82.6448163864896,2.107278014622387,3.7153586172174244,37,533.0587265261286,5.584604556196384
396,104.95415357190976,2.4475368368057344,6.462504632072819,20,491.951053983746,6.184389327983319
397,81.88972938240805,2.065951390694007,5.12405762029755,70,449.47426924804165,4.066657667522257
398,84.66717438173464,2.039604885713148,5.411407081192793,93,564.2927131204854,4.01456439208444
399,84.53403397234028,1.967659237468725,3.808079582951377,92,470.321535266937,5.581041502474458
400,103.15663373202787,2.474647603028004,6.041675460978256,96,369.8507106797896,5.783901941301728
401,80.95833296657726,1.7912260077055995,5.31620666223996,73,658.6762966810212,3.9664621977076067
402,87.94147085062296,1.6690349496497123,5.089997915011568,84,565.8970104644551,5.289778615118331
403,70.27278636310243,1.9636932475910394,3.8963545871463747,26,466.7635660804341,3.925048406887915
404,89.83607153411488,2.4807173347089724,4.403247509230512,78,597.0647987323072,5.228938592850492
405,85.70004584718319,1.9915939761893493,4.514184150433008,48,457.6238087716968,5.4509157960818
406,82.65058612854736,2.0253747639619757,5.156440681650783,6,586.1752671055352,4.560754716342077
407,98.61482198848844,2.1792803966770893,6.266875133383951,29,497.1777952411772,5.666656674484744
408,85.22624054362997,1.7348526487496658,5.445792680538758,8,584.4390094369732,5.014484566766569
409,74.64810744621484,2.250510986262285,3.944071620677517,21,375.1592793986839,4.267141522346542
410,73.41866298620535,1.7538441145686878,3.614924000965562,78,548.6801544208316,4.441767450529717
411,86.64835103268649,2.130285013959356,5.899607513025213,6,588.779295651822,4.403278748343877
412,97.7539123841508,2.245828890037547,4.027543161423255,61,432.4862314932139,7.1715244414957935
413,87.87425399899413,1.7217933808510806,5.841937281392657,14,527.9686315041622,5.083124065728173
414,89.8158217051299,2.0831499423856945,5.411115522724318,94,408.0544382141535,4.844534195039204
415,91.92972021962218,2.448063029057344,6.100089075478661,29,461.12441329722924,4.541713700927804
416,83.05593928328636,1.8371130065051415,6.259244958855907,83,458.6260849502252,3.4540158372038183
417,80.59077117700865,1.6975547466568155,3.6292026856672255,41,515.5804508571858,5.7962002261473184
418,83.49978915654087,1.9536428085482775,4.809930222638677,71,401.2402853052571,4.795094725382266
419,78.66551340282986,2.1922520657826263,4.231147280126789,93,569.7212859954661,4.032216101950458
420,83.6827573883061,2.255097351687938,5.841930984202669,60,515.9252343469911,3.6325307123341846
421,71.823923015753,1.8633002092788533,4.616939727899776,28,555.5570924769825,3.6048399502186976
422,103.89928567286485,2.220780894703031,6.4076873403582795,96,709.6827123656375,5.597574048620178
423,87.78666707473637,2.0320736264772306,4.659632721734762,95,430.56209028416254,5.22269753344992
424,73.64764883990988,1.7576157240778085,5.198414651070994,14,508.36650358820816,3.593173169594004
425,95.3440184753989,1.8714210456988143,4.640663057592171,58,472.21516754701344,6.746492969404104
426,92.1189703496451,2.0402217124793087,5.135027923310591,37,516.6997264098059,5.797410947914553
427,79.34269985564498,1.5309104149196544,3.854114265451834,50,491.8261661839552,5.566950121234783
428,85.69991652156635,1.7379005017859628,4.63164762769107,36,534.9422445876008,5.59949708503817
429,77.33340028665108,2.2648253660505295,3.6882150691643165,87,528.2957559156134,4.2745368182468475
430,77.39224003004031,1.4390660079311008,4.939614687039441,88,612.0266328674486,4.078082674043133
431,85.96969715251583,2.249508450517844,5.617054653184118,46,411.90615277620327,4.298033049811926
432,86.05643334881056,2.6187299492839626,4.32478671449576,47,430.9889890180691,4.951273076622883
433,93.93744722687892,2.120434204570385,5.892827790888147,99,363.4862347998972,5.0307174193791955
434,88.78290163351811,2.113770521196405,5.261939845368451,0,523.6195166833943,5.398243110625459
435,82.84462120964248,1.9620785369385711,5.4356194498075725,56,350.9403060554746,4.22672680056078
436,86.5912360639741,2.471076505213593,5.483169080745172,46,447.7023796961933,4.169931385722784
437,86.3356439539161,1.8816713262401383,4.354223749647394,29,493.7759248801081,5.870807125771541
438,89.35298701373704,2.218988977369174,4.536514585871841,47,536.4776822569326,5.599643802832164
439,94.76867154296644,2.350789528377716,5.2801760665543505,32,663.5781781108145,5.68028912906893
440,83.0813966319113,1.7756207538925945,5.215972048083097,40,483.1111098299727,4.744469277219286
441,85.73917190761829,1.9174276729404225,5.083257361287282,87,531.1241732864715,4.709902320917954
442,69.8104752912333,1.7083906132430728,4.773990998417638,31,528.3735501673079,3.4051036343457346
443,87.33366246845875,1.9986952718930011,4.5348728364296775,90,483.8781262034306,5.344957686110951
444,89.21752726171248,2.422435168658322,4.940251851979937,76,420.56017747447663,4.915945975170467
445,76.52921643479569,2.0809324738656354,4.507177424361574,40,457.9186577916862,4.114897378102006
446,85.61784995417509,1.9942009025572325,4.932520200918823,85,564.3565408718508,4.709582799068377
447,89.92914950041391,1.8402161395636898,4.482158512353175,89,467.34397980076176,5.986506678439511
448,88.05337286388544,1.9734187199349666,4.261006214021858,71,611.0603078497757,5.684230814834279
449,89.54287617637159,2.2356871839488814,5.005010649851654,43,586.8396677076082,5.232876613331946
450,90.49927905290423,2.1073383762837565,4.303147748347701,23,436.73534155202344,6.366415201487266
451,95.84715032738542,2.155322438684447,5.45806771293099,82,486.6748296741446,5.6016855815098765
452,86.48670653566661,1.8666462608996464,4.739799142790179,100,493.3248207465626,5.121692272506247
453,98.40304440827127,1.783155302947695,6.2915685608871295,60,429.92761354359016,5.865575692698813
454,102.79059987107203,1.9769712586717878,6.51681748689245,71,402.99535184067105,6.027692503455973
455,65.7345051923667,1.7015549397795546,4.100991979950904,11,484.5977179601655,3.4546027231614636
456,89.5839038146161,1.7999232602428634,4.902883287588233,87,364.91603230248836,5.67972417851878
457,83.89535394177511,2.2420323617650304,4.7186949902094515,29,435.35808476061686,4.881593689835217
458,84.3987007462983,2.4143942575011583,4.490717678234984,69,446.17514031196936,4.634176786544396
459,74.31801866825512,1.6466016033517987,4.066108485757953,13,440.70787757735434,4.803989145857092
460,84.25315586497793,2.23588683892985,4.475739602612946,70,441.40890308124233,4.805730023412365
461,100.61854665877684,2.3453296907717496,5.661550742788762,28,594.214926279848,6.173041285655364
462,82.8173253063849,1.8641326068709632,4.57575047747642,45,605.21055436403,5.0205278450224595
463,89.3577065784839,2.5398663954449736,4.506470415899093,27,491.0672326724382,5.432165138247827
464,98.91349724053049,2.112724362295767,6.692553250695946,49,462.23526950810447,5.281704250192085
465,81.76792644862816,1.6327381714992524,5.4435826525952296,84,453.3401884573755,4.212249304818782
466,89.67011040618446,2.1696832160319315,5.19066915294674,67,532.0845184042502,4.983908755137145
467,69.58128260709861,1.7089292745523759,3.0473037677457597,23,433.59774546386245,4.923294616335582
468,101.449095967994,2.3394945646171497,6.870134646859599,39,481.3200045162985,5.2668649990347145
469,89.22368248898098,1.9839918662456468,4.200858774378138,17,566.1289747536041,6.33859512866429
470,84.48729820839078,1.9533639014252395,4.886007852217563,97,506.8560606633787,4.579371823494565
471,77.47389533786749,1.481495454973004,4.438127503855143,40,526.2433463640498,4.908275816632243
472,90.51330388293897,1.93119054056582,6.169689894461365,17,432.38640311844654,4.996024406973042
473,71.06044499320376,1.9324909128809433,3.8746440910707625,99,540.0435351852818,3.50225469546396
474,87.14178825700499,1.943394530585971,5.819366736742948,72,511.47142887575944,4.340395017317071
475,84.63862844655745,2.0732291612507447,5.378273148292376,7,430.75361015487067,4.716061045695801
476,87.46475251228124,2.1493783095196592,5.702534020775009,25,447.92516318067624,4.656280296503492
477,84.20693007632941,1.8824911847985397,5.384584815697338,65,441.42930369171546,4.500642582994814
478,81.16955329085013,1.6819458979942312,5.396676437570871,37,483.2381681072545,4.447412514622943
479,85.1419894606112,1.4735917382701897,5.600946016228479,24,576.7114169880664,5.103549447005397
480,94.32844453693791,2.5883805358662464,5.30673468647193,84,515.1194397934331,4.9747104850436346
481,94.21370670812719,2.0857792387414693,6.0019848850637985,44,430.19689318114354,5.327105960450245
482,95.26403499608718,2.2226264309571855,5.495937546982414,17,685.892215047278,5.7620098557643615
483,70.01646956759282,1.7045394627190467,4.622626579379204,47,522.2484496449969,3.369828303198813
484,81.29555900865782,2.002574300349423,5.645125527991128,16,536.422150829656,4.012901632976565
485,83.56700398347358,2.14892793443756,3.3215327072539624,40,556.890656797643,5.930379127590065
486,79.23408520801125,2.0798371615095044,5.2969578362829886,52,456.2211720429317,3.7359071185843593
487,97.03641735589515,1.971535517915983,6.416819588708593,15,594.2651220743826,5.594822712771018
488,79.61817529827267,1.9323579515229914,3.856763800557902,73,415.1447192062509,5.07013162525189
489,76.922557913055,2.5977287476373405,3.588055388661834,35,522.775836541475,4.322006248490013
490,85.06797924420945,2.1080227112817123,4.807868763385006,80,505.2083789439357,4.672490404772304
491,88.41190160761111,1.530275375303166,5.5411573928383415,75,625.8475910065439,5.148578848896516
492,88.41846307139346,2.436832476454074,5.3938837113807425,46,517.9158959962776,4.51654252177728
493,83.05826091714744,1.6192623965258401,3.8746046722532466,61,423.71129539938255,5.951194625471461
494,95.33657783791517,1.7166303128318212,5.4589192739881955,17,493.54170707385293,6.473985236055148
495,87.88895126332957,2.131541009907499,5.418572940230437,35,444.36603626617244,4.897415447282359
496,85.64989863751454,2.2967105004865873,5.2583975621702495,66,530.1827712058196,4.283990475471073
497,85.0679796616652,2.1049733136620983,4.2377692998407195,55,526.9428203669447,5.3543376989125555
498,89.29228077538286,2.11516374445779,4.1714977371157245,94,405.07297763595284,5.806786434738495
499,92.82093159839056,1.8285911285005059,5.1269825834809835,86,476.2439673718016,5.816223476946077
500,75.03639982086666,1.587850536120315,5.703385868628744,92,247.42028565887628,3.1841816927857076
